Record_Time,Year,Gender,Difficulty_Falling_Asleep,Sleep_Hours_Total,Waking_Up_During_Night,Overall_Sleep_Quality,Sleep_Impact_on_Concentration,Daytime_Fatigue,Sleep_Impact_on_Attendance,Sleep_Impact_on_Deadlines,Phone_Usage_Before_Sleep,Caffeine_Intake,Exercise_Frequency,Academic_Stress_Level,GPA_Rating,Academic_Burnout_Score,Sleep_Hygiene_Risk
2024-10-24 16:51:15.0000000,4,0,3,7.5,3,4,2,3,3,2,3,1,2,3,3,4,9
2024-10-24 16:51:51.0000000,3,0,3,7.5,3,4,3,2,2,3,2,2,2,1,4,9,6
2024-10-24 16:52:21.0000000,1,1,2,7.5,2,4,3,3,2,3,3,3,3,3,2,9,6
2024-10-24 16:53:00.0000000,3,0,3,8.5,2,2,3,3,1,1,2,2,4,4,5,3,6
2024-10-24 16:53:25.0000000,4,0,3,7.5,3,5,4,2,2,2,2,2,3,1,3,8,6
2024-10-24 16:53:53.0000000,2,0,3,7.5,3,5,2,1,2,1,2,3,1,3,2,2,6
2024-10-24 16:54:24.0000000,3,0,2,7.5,3,4,2,3,2,1,1,1,0,0,4,2,2
2024-10-24 16:54:50.0000000,3,0,3,8.5,4,4,4,2,3,2,3,1,1,1,4,8,9
2024-10-24 16:55:18.0000000,3,0,3,8.5,3,3,2,1,1,2,1,1,2,4,3,4,3
2024-10-24 16:56:33.0000000,3,0,4,8.5,4,5,4,4,4,2,3,2,3,3,1,8,12
2024-10-24 16:57:04.0000000,2,1,3,7.5,4,2,3,2,4,3,2,3,2,3,3,9,6
2024-10-24 16:58:21.0000000,3,0,3,8.5,3,4,3,2,4,3,2,4,2,3,3,9,6
2024-10-24 16:58:40.0000000,2,0,3,7.5,3,2,1,2,2,1,0,1,2,1,3,1,0
2024-10-24 16:59:52.0000000,2,1,3,6.5,2,4,3,2,2,3,2,3,2,3,2,9,6
2024-10-24 17:00:21.0000000,2,0,2,8.5,3,3,4,2,3,2,3,1,1,3,4,8,6
2024-10-24 17:00:26.0000000,4,0,2,4.5,2,4,3,3,3,3,3,3,3,3,1,9,6
2024-10-24 17:00:50.0000000,1,0,3,8.5,2,3,1,0,2,2,2,1,3,1,4,2,6
2024-10-24 17:01:57.0000000,3,0,3,7.5,4,3,3,2,3,3,3,3,3,3,2,9,9
2024-10-24 17:02:23.0000000,2,0,2,6.5,3,4,1,2,2,2,2,2,2,3,3,2,4
2024-10-24 17:03:24.0000000,3,0,4,8.5,4,4,1,2,1,2,2,2,2,1,3,2,8
2024-10-24 17:03:46.0000000,1,0,4,7.5,1,3,2,1,2,2,1,2,2,3,5,4,4
2024-10-24 17:04:15.0000000,3,0,3,7.5,3,4,3,3,1,2,3,1,2,3,2,6,9
2024-10-24 17:04:15.0000000,4,0,1,4.5,1,3,2,2,1,1,1,1,1,1,3,2,1
2024-10-24 17:06:35.0000000,2,0,3,7.5,4,4,3,2,3,2,3,3,2,4,4,6,9
2024-10-24 17:07:01.0000000,1,0,3,7.5,2,4,0,2,1,2,1,3,3,3,4,0,3
2024-10-24 17:07:29.0000000,2,0,1,6.5,1,2,3,3,2,0,1,1,1,1,5,0,1
2024-10-24 17:08:29.0000000,4,0,4,8.5,3,5,3,2,2,3,2,4,3,3,3,9,8
2024-10-24 17:08:59.0000000,2,1,3,8.5,3,4,2,3,3,1,3,1,3,3,2,2,9
2024-10-24 17:10:05.0000000,3,0,2,7.5,2,4,2,3,3,2,3,2,2,3,3,4,6
2024-10-24 17:12:15.0000000,2,1,3,7.5,4,3,3,1,3,2,2,3,2,3,4,6,6
2024-10-24 17:12:40.0000000,2,1,2,7.5,3,4,3,2,3,3,1,3,3,1,3,9,2
2024-10-24 17:14:18.0000000,3,0,3,7.5,3,4,2,1,2,2,2,3,2,3,2,4,6
2024-10-24 17:15:03.0000000,3,0,3,7.5,2,3,3,2,2,1,3,2,3,1,3,3,9
2024-10-24 17:15:43.0000000,3,1,3,7.5,2,3,2,4,3,2,3,1,3,1,4,4,9
2024-10-24 17:16:11.0000000,2,0,3,6.5,3,2,3,2,3,2,3,3,2,3,3,6,9
2024-10-24 17:16:38.0000000,3,0,2,7.5,2,3,2,3,3,2,3,3,3,1,4,4,6
2024-10-24 17:17:51.0000000,4,1,4,7.5,3,4,3,4,3,3,3,3,3,3,2,9,12
2024-10-24 17:18:37.0000000,2,1,3,7.5,3,4,2,3,2,2,3,2,3,3,3,4,9
2024-10-24 17:20:16.0000000,3,0,3,6.5,2,3,3,3,3,3,3,3,2,4,3,9,9
2024-10-24 17:20:38.0000000,3,1,3,7.5,2,3,2,3,1,3,2,2,2,1,3,6,6
2024-10-24 17:21:01.0000000,3,0,4,8.5,4,3,3,2,3,1,3,1,3,3,3,3,12
2024-10-24 17:21:24.0000000,3,1,3,4.5,3,3,2,2,3,2,3,3,4,1,3,4,9
2024-10-24 17:27:58.0000000,3,0,3,8.5,3,5,3,3,2,3,3,2,2,4,2,9,9
2024-10-24 17:29:00.0000000,3,0,3,7.5,3,4,3,2,3,3,3,2,2,4,1,9,9
2024-10-24 17:30:27.0000000,3,1,3,7.5,4,4,3,1,4,2,3,2,3,3,2,6,9
2024-10-24 17:31:18.0000000,3,1,4,8.5,3,4,2,3,2,3,3,3,2,3,3,6,12
2024-10-24 17:31:43.0000000,3,0,4,8.5,4,2,2,2,4,3,2,3,2,3,3,6,8
2024-10-24 17:32:11.0000000,2,0,3,8.5,3,4,2,2,3,3,3,3,3,1,2,6,9
2024-10-24 17:32:36.0000000,3,1,3,7.5,2,4,3,1,3,3,3,2,3,3,3,9,9
2024-10-24 17:36:59.0000000,3,1,3,7.5,4,5,3,4,2,2,1,1,3,1,3,6,3
2024-10-24 17:37:27.0000000,3,1,3,7.5,3,1,2,3,3,2,3,3,3,4,2,4,9
2024-10-24 17:38:22.0000000,3,1,2,7.5,3,4,3,2,2,2,3,3,4,4,2,6,6
2024-10-24 17:42:05.0000000,3,1,2,3.0,4,5,4,3,3,3,3,4,4,4,1,12,6
2024-10-24 17:44:40.0000000,2,1,4,8.5,3,3,3,3,2,2,3,2,3,1,1,6,12
2024-10-24 17:45:17.0000000,3,0,3,7.5,2,4,3,3,3,2,3,3,2,4,1,6,9
2024-10-24 17:45:42.0000000,3,0,2,7.5,3,3,3,3,2,4,2,3,3,4,1,12,4
2024-10-24 17:50:09.0000000,3,0,3,7.5,3,3,3,3,3,2,2,2,2,1,1,6,6
2024-10-24 17:50:35.0000000,3,1,4,8.5,4,3,3,3,4,3,4,2,3,1,1,9,16
2024-10-24 17:50:59.0000000,2,0,3,7.5,2,3,3,2,3,3,2,3,2,3,1,9,6
2024-10-24 17:53:05.0000000,3,0,3,8.5,3,4,2,2,3,3,3,3,3,3,1,6,9
2024-10-24 17:53:28.0000000,3,1,3,7.5,3,3,3,3,2,3,2,3,3,3,1,9,6
2024-10-24 17:57:22.0000000,3,1,3,8.5,4,5,4,3,3,2,2,3,3,3,1,8,6
2024-10-24 17:57:48.0000000,2,1,3,7.5,4,2,1,2,1,2,2,2,2,3,1,2,6
2024-10-24 18:02:23.0000000,3,0,2,7.5,1,2,1,1,1,1,1,1,1,1,1,1,2
2024-10-24 18:02:48.0000000,2,0,4,7.5,3,4,1,1,1,2,2,1,1,3,1,2,8
2024-10-24 18:03:13.0000000,4,0,3,7.5,3,2,2,2,1,2,2,2,2,3,1,4,6
2024-10-24 18:03:45.0000000,2,0,3,7.5,4,5,2,3,2,3,2,2,3,3,1,6,6
2024-10-24 18:04:13.0000000,3,0,3,7.5,3,4,2,2,3,3,3,3,3,3,1,6,9
2024-10-24 18:05:24.0000000,4,0,4,8.5,4,5,2,4,2,3,2,3,2,3,1,6,8
2024-10-24 18:06:00.0000000,4,0,2,7.5,3,3,2,3,3,3,3,3,3,3,1,6,6
2024-10-24 18:11:45.0000000,4,0,4,7.5,4,4,4,3,3,2,3,3,3,1,1,8,12
2024-10-24 18:12:27.0000000,3,0,3,7.5,4,5,1,2,3,2,3,3,3,3,1,2,9
2024-10-24 18:12:45.0000000,3,0,0,4.5,2,4,3,2,1,3,1,2,3,3,1,9,0
2024-10-24 18:13:32.0000000,3,1,2,6.5,3,4,1,2,2,1,2,2,3,3,2,1,4
2024-10-24 18:17:08.0000000,4,0,4,7.5,1,5,2,3,3,1,1,2,3,3,1,2,4
2024-10-24 18:17:57.0000000,2,0,3,8.5,4,3,1,2,1,1,3,2,2,1,1,1,9
2024-10-24 18:18:17.0000000,4,1,4,7.5,4,5,3,3,3,4,3,3,3,3,2,12,12
2024-10-24 18:18:41.0000000,3,1,4,7.5,3,4,3,3,3,3,3,3,3,1,2,9,12
2024-10-24 18:19:06.0000000,4,0,2,7.5,4,5,4,3,2,3,2,2,2,1,2,12,4
2024-10-24 18:19:23.0000000,4,0,3,7.5,3,3,2,3,3,3,1,3,2,3,2,6,3
2024-10-24 18:19:58.0000000,1,0,3,7.5,3,4,1,1,0,4,3,2,4,3,2,4,9
2024-10-24 18:20:21.0000000,4,1,3,7.5,4,4,3,4,3,1,1,2,2,1,2,3,3
2024-10-24 18:20:41.0000000,4,0,4,6.5,3,4,3,3,4,3,2,3,2,0,1,9,8
2024-10-24 18:21:30.0000000,1,0,3,7.5,3,4,4,2,3,1,3,1,3,3,1,4,9
2024-10-24 18:22:03.0000000,3,1,3,7.5,4,2,2,4,3,1,2,3,0,3,2,2,6
2024-10-24 18:22:22.0000000,1,1,4,8.5,4,2,2,2,1,1,1,1,1,0,1,2,4
2024-10-24 18:22:26.0000000,3,1,4,7.5,3,3,2,3,3,4,3,3,1,3,1,8,12
2024-10-24 18:22:51.0000000,3,1,4,7.5,3,4,2,4,3,2,3,2,3,3,2,4,12
2024-10-24 18:23:09.0000000,3,0,4,7.5,3,3,3,3,2,3,3,2,4,3,2,9,12
2024-10-24 18:23:51.0000000,3,1,3,6.5,2,4,2,3,4,2,3,3,3,1,3,4,9
2024-10-24 18:24:47.0000000,4,1,3,6.5,3,4,2,3,1,3,3,3,4,3,1,6,9
2024-10-24 18:25:43.0000000,4,1,4,8.5,3,4,3,2,4,2,3,3,3,3,2,6,12
2024-10-24 18:26:17.0000000,3,0,3,8.5,4,5,3,4,3,2,2,3,3,4,2,6,6
2024-10-24 18:26:44.0000000,4,0,3,7.5,4,5,3,3,4,1,1,1,2,0,1,3,3
2024-10-24 18:27:03.0000000,3,0,2,7.5,4,3,0,1,2,1,2,1,1,3,3,0,4
2024-10-24 18:27:21.0000000,4,0,1,8.5,3,5,1,1,1,2,2,2,3,3,1,2,2
2024-10-24 18:27:39.0000000,1,0,3,7.5,4,5,1,0,2,1,3,2,3,4,2,1,9
2024-10-24 18:27:57.0000000,3,1,3,7.5,2,5,4,2,2,2,3,3,2,3,2,8,9
2024-10-24 18:28:30.0000000,3,1,2,7.5,3,5,4,2,2,2,3,3,2,1,2,8,6
2024-10-24 18:28:49.0000000,4,0,1,7.5,4,5,2,3,4,3,3,3,4,1,1,6,3
2024-10-24 18:29:15.0000000,4,1,1,7.5,2,4,3,3,1,3,3,1,3,3,2,9,3
2024-10-24 18:29:45.0000000,3,0,3,8.5,3,3,3,2,4,3,2,4,2,3,1,9,6
2024-10-24 18:30:09.0000000,4,0,3,7.5,3,3,3,3,1,1,1,2,2,3,1,3,3
2024-10-24 18:30:32.0000000,3,0,2,6.5,3,5,1,2,2,1,2,2,2,1,2,1,4
2024-10-24 18:30:53.0000000,3,0,2,7.5,3,5,2,3,1,3,3,2,3,3,2,6,6
2024-10-24 18:31:12.0000000,4,1,2,8.5,4,2,1,2,3,2,4,1,1,4,1,2,8
2024-10-24 18:31:34.0000000,3,1,2,7.5,4,5,3,2,2,4,3,3,3,3,2,12,6
2024-10-24 18:31:52.0000000,4,1,3,7.5,2,4,4,1,1,4,2,2,3,3,1,16,6
2024-10-24 18:32:46.0000000,3,1,1,8.5,3,5,3,2,3,4,3,3,3,0,2,12,3
2024-10-25 14:36:26.0000000,3,1,3,7.5,4,5,3,3,4,4,3,3,4,3,1,12,9
2024-10-24 18:34:23.0000000,4,1,2,8.5,3,3,1,1,3,2,2,2,2,3,4,2,4
2024-10-24 18:34:47.0000000,3,1,3,8.5,3,3,3,3,3,1,2,4,2,3,1,3,6
2024-10-24 19:29:34.0000000,3,1,3,7.5,3,5,4,4,4,3,3,3,3,4,1,12,9
2024-10-24 19:30:35.0000000,4,1,4,7.5,4,3,4,2,4,3,3,4,3,1,1,12,12
2024-10-24 19:30:52.0000000,3,0,3,7.5,4,3,2,2,3,3,3,3,4,4,2,6,9
2024-10-24 19:31:12.0000000,4,1,4,8.5,3,5,3,4,3,3,3,4,3,4,1,9,12
2024-10-24 19:33:02.0000000,4,0,4,8.5,4,4,3,2,4,2,3,4,3,3,2,6,12
2024-10-24 19:33:38.0000000,4,0,3,7.5,3,4,4,3,3,2,2,3,3,3,1,8,6
2024-10-24 19:34:01.0000000,3,0,4,7.5,3,5,3,3,4,3,3,3,4,1,1,9,12
2024-10-24 19:34:44.0000000,4,0,3,8.5,4,5,3,3,4,4,2,2,3,0,1,12,6
2024-10-24 19:35:16.0000000,3,1,4,7.5,4,5,2,2,3,4,2,4,2,3,1,8,8
2024-10-24 19:36:18.0000000,4,1,3,8.5,4,4,4,4,2,3,2,3,4,3,2,12,6
2024-10-24 19:36:37.0000000,2,1,4,8.5,4,4,3,4,4,1,3,4,2,3,1,3,12
2024-10-24 19:36:55.0000000,2,1,0,7.5,3,4,3,3,2,1,4,3,2,3,1,3,0
2024-10-24 19:37:16.0000000,4,1,3,8.5,4,4,4,4,4,3,3,4,3,4,1,12,9
2024-10-24 19:38:52.0000000,3,0,4,7.5,2,5,3,4,3,2,3,3,4,3,1,6,12
2024-10-24 19:39:15.0000000,3,0,3,7.5,4,4,3,3,4,4,2,4,2,4,2,12,6
2024-10-24 19:39:38.0000000,4,1,3,8.5,3,4,3,4,2,1,2,2,4,4,1,3,6
2024-10-24 19:40:05.0000000,4,0,3,7.5,4,4,2,2,3,3,4,3,4,1,2,6,12
2024-10-24 19:40:29.0000000,3,1,3,8.5,3,5,3,4,4,3,3,3,4,1,1,9,9
2024-10-24 19:41:29.0000000,4,1,2,7.5,4,5,4,4,1,3,3,4,4,4,1,12,6
2024-10-24 19:41:52.0000000,3,1,4,7.5,3,4,1,2,3,1,3,3,2,3,1,1,12
2024-10-24 19:43:37.0000000,2,0,3,7.5,4,5,3,3,3,3,3,2,4,3,2,9,9
2024-10-24 19:44:02.0000000,4,1,4,8.5,4,4,2,2,2,3,3,1,3,3,2,6,12
2024-10-24 19:45:11.0000000,3,1,3,7.5,3,3,2,3,3,2,1,2,3,3,2,4,3
2024-10-24 19:46:57.0000000,4,1,3,8.5,2,5,2,2,2,2,2,1,3,1,2,4,6
2024-10-24 19:48:09.0000000,3,0,3,8.5,3,4,3,3,3,3,3,4,3,3,2,9,9
2024-10-24 19:50:06.0000000,3,0,4,7.5,4,4,3,3,3,2,2,3,2,1,1,6,8
2024-10-24 19:50:39.0000000,3,1,2,7.5,3,4,3,1,3,4,3,3,3,3,2,12,6
2024-10-24 19:53:54.0000000,4,0,3,8.5,4,5,3,4,4,3,3,3,4,3,3,9,9
2024-10-24 19:55:34.0000000,3,0,3,8.5,3,3,3,2,2,2,1,3,2,1,2,6,3
2024-10-24 19:56:15.0000000,3,1,3,7.5,2,4,3,3,3,2,3,3,2,3,1,6,9
2024-10-24 19:56:35.0000000,3,1,3,8.5,4,4,3,2,3,2,2,4,4,3,2,6,6
2024-10-24 19:59:55.0000000,3,0,3,7.5,3,3,2,2,3,2,3,2,2,3,2,4,9
2024-10-24 20:00:33.0000000,4,0,2,7.5,3,4,2,2,3,3,2,2,3,1,2,6,4
2024-10-24 20:01:31.0000000,3,0,4,7.5,2,5,3,2,3,2,3,3,3,3,2,6,12
2024-10-24 20:15:00.0000000,4,1,4,8.5,4,5,4,3,3,2,1,2,2,3,2,8,4
2024-10-24 20:15:20.0000000,4,1,2,7.5,4,5,0,1,2,2,3,2,2,4,2,0,6
2024-10-24 20:16:39.0000000,4,0,4,7.5,3,4,2,3,2,2,3,3,3,3,2,4,12
2024-10-24 20:17:36.0000000,4,1,2,7.5,3,5,4,3,3,3,2,1,2,1,3,12,4
2024-10-24 20:18:00.0000000,3,0,4,7.5,3,4,3,2,3,3,1,3,3,1,1,9,4
2024-10-24 20:20:46.0000000,3,1,3,7.5,3,5,3,4,4,3,3,4,3,4,1,9,9
2024-10-24 20:31:06.0000000,4,0,4,8.5,4,5,3,3,3,1,2,2,3,3,1,3,8
2024-10-24 20:31:33.0000000,3,1,3,7.5,2,4,4,4,3,2,3,3,3,4,2,8,9
2024-10-24 20:32:06.0000000,2,1,3,8.5,4,4,2,4,2,2,3,4,3,3,1,4,9
2024-10-24 20:35:16.0000000,4,0,3,7.5,3,4,3,3,3,3,3,2,2,3,2,9,9
2024-10-24 20:36:31.0000000,3,0,4,7.5,4,4,2,2,0,3,3,3,3,3,2,6,12
2024-10-24 20:37:39.0000000,4,0,3,8.5,3,4,2,3,3,3,3,2,3,3,1,6,9
2024-10-24 20:41:20.0000000,4,1,3,8.5,4,5,3,3,2,3,3,3,3,3,2,9,9
2024-10-24 20:44:28.0000000,3,1,3,8.5,3,5,3,3,2,2,4,3,3,3,2,6,12
2024-10-24 20:44:47.0000000,4,1,4,8.5,3,4,4,4,4,4,2,3,4,4,2,16,8
2024-10-24 20:45:15.0000000,3,1,2,7.5,3,4,3,4,3,3,3,3,3,4,1,9,6
2024-10-24 20:46:44.0000000,3,0,3,7.5,3,4,4,3,3,3,4,3,2,3,1,12,12
2024-10-24 20:49:24.0000000,3,1,3,7.5,3,4,2,4,3,4,3,3,2,3,1,8,9
2024-10-24 23:42:01.0000000,4,0,3,7.5,3,4,3,3,2,3,3,3,2,1,1,9,9
2024-10-25 13:58:07.0000000,4,0,4,7.5,4,4,2,3,3,3,1,2,2,1,1,6,4
2024-10-25 14:00:04.0000000,4,0,4,8.5,4,4,4,3,4,4,3,3,3,4,1,16,12
2024-10-25 14:00:29.0000000,2,0,3,8.5,4,5,4,4,4,3,4,3,4,3,1,12,12
2024-10-25 14:01:05.0000000,3,0,3,8.5,3,4,4,3,4,4,4,4,4,3,1,16,12
2024-10-25 14:01:23.0000000,4,0,4,8.5,3,4,3,4,3,4,3,4,4,4,2,12,12
2024-10-25 14:07:54.0000000,4,0,4,8.5,4,4,3,4,3,3,3,3,3,3,1,9,12
2024-10-25 14:08:24.0000000,4,0,4,8.5,4,5,4,4,4,3,3,3,3,4,1,12,12
2024-10-25 14:11:59.0000000,4,1,3,8.5,3,5,4,4,3,4,4,3,4,4,1,16,12
2024-10-25 14:14:18.0000000,3,0,4,8.5,4,4,3,3,3,4,3,3,3,1,1,12,12
2024-10-25 14:14:49.0000000,3,0,3,8.5,4,5,2,4,3,3,3,3,3,3,1,6,9
2024-10-25 14:15:45.0000000,4,0,0,8.5,3,5,3,3,3,4,4,3,4,4,2,12,0
2024-10-25 14:21:35.0000000,3,1,3,7.5,4,5,4,4,3,3,4,4,3,4,1,12,12
2024-10-25 14:23:22.0000000,4,0,3,7.5,3,4,4,4,4,4,3,4,4,4,1,16,9
2024-10-25 14:23:41.0000000,4,0,4,7.5,4,5,4,3,4,4,3,4,4,4,1,16,12
2024-10-25 14:24:53.0000000,4,0,4,8.5,4,5,4,3,4,3,3,3,3,4,1,12,12
2024-10-25 14:26:34.0000000,4,0,3,7.5,4,4,4,4,4,2,4,3,3,4,1,8,12
2024-10-25 14:27:36.0000000,4,0,3,8.5,4,5,3,4,3,4,4,4,4,3,1,12,12
2024-10-25 14:28:44.0000000,4,0,4,7.5,3,5,3,4,4,4,3,3,3,4,1,12,12
2024-10-25 14:30:26.0000000,4,0,4,7.5,3,5,3,4,3,3,3,3,3,4,1,9,12
2024-10-25 14:31:38.0000000,4,0,3,8.5,4,4,3,3,3,3,3,3,3,3,2,9,9
2024-10-25 14:32:08.0000000,4,0,3,7.5,3,5,3,3,3,4,3,3,4,3,1,12,9
2024-10-25 14:32:40.0000000,3,0,4,7.5,4,4,3,3,3,3,3,3,3,3,2,9,12
2024-10-25 14:33:25.0000000,3,0,3,8.5,4,5,3,3,3,3,4,4,3,3,2,9,12
2024-10-25 14:34:24.0000000,4,0,4,7.5,3,4,3,3,3,3,3,3,3,4,1,9,12
2024-10-25 14:34:46.0000000,3,0,3,7.5,4,5,4,3,4,4,4,4,4,3,1,16,12
2024-10-25 14:35:31.0000000,4,0,4,7.5,3,4,3,4,3,3,3,3,3,4,1,9,12
2024-10-25 14:35:55.0000000,4,0,4,7.5,3,5,4,4,4,4,3,3,3,3,1,16,12
2024-10-25 14:36:51.0000000,4,1,3,8.5,3,5,4,4,4,4,4,3,4,3,1,16,12
2024-10-25 14:38:50.0000000,4,0,3,7.5,3,5,4,4,4,4,4,3,3,4,1,16,12
2024-10-25 14:39:09.0000000,3,0,3,8.5,4,4,3,3,4,3,3,3,4,4,1,9,9
2024-10-25 14:39:43.0000000,3,0,3,7.5,4,5,3,4,4,3,3,4,3,4,2,9,9
2024-10-25 14:40:03.0000000,3,1,3,7.5,3,4,3,2,4,3,3,4,4,4,1,9,9
2024-10-25 14:40:26.0000000,3,0,4,8.5,4,5,3,4,3,3,3,3,4,4,2,9,12
2024-10-25 14:41:05.0000000,3,0,3,7.5,3,5,4,4,4,4,3,4,4,3,1,16,9
2024-10-25 14:44:33.0000000,4,0,3,7.5,3,5,4,4,3,3,3,4,3,4,1,12,9
2024-10-25 14:45:02.0000000,4,0,4,8.5,3,5,4,3,4,3,3,3,3,4,1,12,12
2024-10-25 14:45:46.0000000,4,0,3,8.5,4,4,4,2,3,3,3,3,3,3,1,12,9
2024-10-25 14:46:59.0000000,4,1,4,8.5,4,5,3,3,4,4,3,4,4,4,1,12,12
2024-10-25 14:51:35.0000000,4,0,4,8.5,3,5,4,4,3,3,2,3,3,3,2,12,8
2024-10-25 14:53:03.0000000,4,1,3,7.5,4,5,3,3,3,3,3,3,3,3,1,9,9
2024-10-25 15:00:28.0000000,4,0,4,8.5,3,5,3,3,3,3,3,3,3,4,1,9,12
2024-10-25 15:02:22.0000000,4,1,3,7.5,3,4,3,4,4,4,4,4,4,4,1,12,12
2024-10-25 15:05:08.0000000,4,0,3,8.5,4,5,3,3,2,3,3,4,4,4,1,9,9
2024-10-25 15:05:59.0000000,4,0,4,8.5,3,4,4,4,4,4,3,3,4,4,1,16,12
2024-10-25 15:06:32.0000000,4,0,4,7.5,3,5,4,4,3,4,2,4,4,4,2,16,8
2024-10-25 15:06:50.0000000,4,0,3,7.5,3,5,4,4,4,3,4,3,4,4,1,12,12
2024-10-25 15:07:28.0000000,4,1,3,7.5,4,5,4,4,3,3,3,4,3,4,1,12,9
2024-10-25 15:08:42.0000000,4,0,3,8.5,4,4,3,4,4,4,3,4,4,3,1,12,9
2024-10-25 15:09:52.0000000,4,1,3,8.5,4,5,4,4,2,3,3,4,4,4,1,12,9
2024-10-25 15:16:46.0000000,4,1,4,8.5,4,5,2,3,3,3,3,3,3,4,1,6,12
2024-10-25 16:58:40.0000000,4,1,4,8.5,4,5,4,4,3,4,3,4,4,4,2,16,12
2024-10-25 17:38:08.0000000,4,1,3,8.5,4,5,3,4,4,3,4,3,4,4,1,9,12
2024-10-25 17:40:37.0000000,4,0,3,8.5,3,5,4,4,4,4,4,4,4,4,1,16,12
2024-10-25 17:41:11.0000000,4,1,4,8.5,4,5,4,4,4,4,3,4,4,4,1,16,12
2024-10-25 18:02:32.0000000,3,1,3,7.5,3,5,4,3,4,4,4,4,4,3,1,16,12
2024-10-25 18:04:04.0000000,4,0,4,8.5,4,4,3,4,4,4,3,3,3,4,1,12,12
2024-10-25 18:04:24.0000000,4,0,3,8.5,4,5,4,4,3,4,4,3,4,4,2,16,12
2024-10-25 19:54:43.0000000,4,0,4,8.5,4,5,4,4,4,4,3,4,4,4,1,16,12
2024-10-25 21:10:07.0000000,4,0,3,7.5,4,5,3,4,3,4,3,3,3,3,1,12,9
2024-10-26 07:52:34.0000000,4,0,3,8.5,4,5,3,3,4,4,4,2,3,3,2,12,12
2024-10-26 07:53:36.0000000,4,0,3,8.5,4,5,3,4,3,3,4,4,4,4,2,9,12
2024-10-26 07:53:56.0000000,3,0,4,8.5,4,5,3,4,4,4,3,4,3,3,1,12,12
2024-10-26 07:54:50.0000000,4,0,4,8.5,4,5,3,4,3,3,3,4,4,3,1,9,12
2024-10-26 07:57:08.0000000,4,0,3,7.5,4,4,3,4,3,4,4,3,4,4,1,12,12
2024-10-26 07:58:01.0000000,4,0,4,8.5,4,4,4,4,4,3,3,3,4,4,1,12,12
2024-10-26 07:58:59.0000000,4,0,4,8.5,4,5,2,3,3,3,3,3,4,4,1,6,12
2024-10-26 08:02:44.0000000,4,0,4,8.5,3,4,4,4,4,4,3,3,4,4,1,16,12
2024-10-26 08:03:07.0000000,3,0,4,8.5,4,5,3,3,3,3,3,3,3,3,1,9,12
2024-10-26 08:03:45.0000000,4,0,4,8.5,4,5,4,4,3,4,3,4,3,4,1,16,12
2024-10-26 08:07:04.0000000,4,0,4,7.5,4,5,4,4,3,3,3,4,3,4,1,12,12
2024-10-26 08:07:34.0000000,4,0,4,8.5,3,5,4,4,3,4,3,4,4,4,1,16,12
2024-10-26 08:08:49.0000000,4,0,4,8.5,3,5,4,4,4,4,3,4,4,4,2,16,12
2024-10-26 08:32:28.0000000,4,0,4,8.5,3,5,4,4,4,4,3,4,4,4,1,16,12
2024-10-26 08:33:27.0000000,4,0,4,7.5,4,4,4,4,4,4,3,3,3,4,2,16,12
2024-10-26 08:50:52.0000000,4,0,4,8.5,3,5,3,3,3,3,3,3,3,3,2,9,12
2024-10-26 08:52:12.0000000,4,0,4,8.5,4,5,3,4,4,3,3,3,4,4,1,9,12
2024-10-26 08:55:48.0000000,4,0,3,7.5,3,5,4,3,3,4,4,4,3,4,2,16,12
2024-10-26 08:56:07.0000000,4,0,4,8.5,3,5,4,4,4,3,3,4,4,4,1,12,12
2024-10-26 08:58:38.0000000,4,0,4,8.5,4,4,4,3,4,4,3,4,3,4,1,16,12
2024-10-26 08:58:58.0000000,4,0,3,8.5,3,4,4,4,3,4,4,3,4,4,2,16,12
2024-10-26 09:12:38.0000000,4,0,4,7.5,3,5,4,4,4,4,2,3,4,4,2,16,8
2024-10-26 09:16:00.0000000,4,0,4,7.5,3,4,4,4,3,3,3,3,4,4,1,12,12
2024-10-26 09:57:26.0000000,4,0,4,7.5,4,5,4,4,3,4,3,4,4,4,3,16,12
2024-10-26 10:02:09.0000000,4,1,3,8.5,4,3,4,4,4,3,4,3,4,4,1,12,12
2024-10-26 10:02:26.0000000,3,1,4,8.5,4,5,4,4,3,4,3,4,4,4,2,16,12
2024-10-26 10:08:51.0000000,3,1,3,7.5,4,5,4,3,3,3,3,3,4,4,1,12,9
2024-10-26 10:11:18.0000000,3,1,3,8.5,3,5,4,3,4,4,4,3,3,4,1,16,12
2024-10-26 10:13:01.0000000,4,0,3,7.5,3,5,3,4,4,4,4,4,4,3,1,12,12
2024-10-26 10:15:20.0000000,4,1,3,8.5,4,5,4,4,4,4,4,3,4,4,1,16,12
2024-10-26 10:16:32.0000000,4,0,3,7.5,4,5,4,4,4,4,3,3,4,4,1,16,9
2024-10-26 10:28:58.0000000,4,0,3,7.5,4,4,4,3,4,4,3,4,3,3,1,16,9
2024-10-26 10:29:17.0000000,4,0,3,8.5,4,4,4,4,3,3,3,4,4,3,1,12,9
2024-10-26 13:55:02.0000000,4,0,4,8.5,3,4,4,3,3,3,3,4,4,4,2,12,12
2024-10-26 13:55:34.0000000,4,0,4,7.5,4,5,3,4,3,4,3,3,4,4,1,12,12
2024-10-26 13:56:00.0000000,4,0,3,6.5,3,4,3,3,3,4,4,4,4,4,2,12,12
2024-10-26 13:57:40.0000000,3,0,4,8.5,4,5,3,4,4,4,3,3,4,4,1,12,12
2024-10-26 13:57:57.0000000,4,1,4,8.5,3,5,4,4,4,4,3,4,4,4,1,16,12
2024-10-26 13:58:14.0000000,4,1,3,8.5,3,5,4,4,3,4,4,4,4,4,1,16,12
2024-10-26 13:59:41.0000000,4,0,4,8.5,4,5,4,4,4,4,3,3,4,4,2,16,12
2024-10-26 14:00:04.0000000,3,0,3,7.5,4,5,3,4,4,3,4,4,3,3,1,9,12
2024-10-26 14:00:42.0000000,4,1,4,8.5,4,5,2,3,2,3,3,4,3,4,1,6,12
2024-10-26 14:01:17.0000000,4,0,4,7.5,3,3,3,4,3,4,3,3,4,4,2,12,12
2024-10-26 14:01:35.0000000,4,0,3,8.5,3,5,3,3,3,3,4,4,3,4,2,9,12
2024-10-26 14:01:52.0000000,4,0,4,8.5,4,4,3,4,3,4,3,3,3,4,2,12,12
2024-10-26 14:02:18.0000000,3,0,3,8.5,3,5,4,4,4,3,4,3,3,4,1,12,12
2024-10-26 14:02:58.0000000,4,0,3,7.5,3,5,3,3,4,4,3,4,4,3,2,12,9
2024-10-26 14:03:37.0000000,2,0,3,7.5,3,5,3,2,4,3,3,3,3,4,2,9,9
2024-10-26 14:03:57.0000000,3,1,3,8.5,3,5,2,3,4,4,2,4,4,4,1,8,6
2024-10-26 14:04:14.0000000,2,1,2,7.5,3,4,3,3,3,3,3,4,4,4,2,9,6
2024-10-26 14:04:37.0000000,4,0,4,8.5,4,5,4,4,4,4,3,3,4,4,1,16,12
2024-10-26 14:04:55.0000000,4,0,3,8.5,3,4,3,3,4,3,3,3,4,4,2,9,9
2024-10-26 14:05:12.0000000,4,0,3,7.5,3,5,4,3,3,3,3,3,3,3,2,12,9
2024-10-26 14:05:33.0000000,2,0,3,7.5,2,4,2,4,3,3,3,3,3,3,2,6,9
2024-10-26 14:05:50.0000000,4,0,4,8.5,3,4,3,3,3,3,3,3,2,3,2,9,12
2024-10-26 14:06:08.0000000,4,0,4,7.5,4,4,3,3,3,3,3,4,4,4,1,9,12
2024-10-26 14:06:26.0000000,4,0,3,7.5,4,4,3,3,4,4,3,3,4,3,1,12,9
2024-10-26 14:06:59.0000000,4,0,4,7.5,4,4,4,4,4,4,3,4,4,4,1,16,12
2024-10-26 14:07:40.0000000,4,0,3,7.5,3,4,4,3,2,2,3,3,2,3,2,8,9
2024-10-26 14:07:56.0000000,2,1,4,7.5,3,4,3,3,2,3,3,3,4,4,2,9,12
2024-10-26 14:08:15.0000000,3,0,3,7.5,4,5,3,3,3,4,3,4,4,4,2,12,9
2024-10-26 14:08:31.0000000,3,0,4,8.5,4,5,4,3,4,3,3,4,4,3,1,12,12
2024-10-26 14:08:46.0000000,3,0,3,8.5,4,5,4,4,4,4,4,4,4,4,1,16,12
2024-10-26 14:09:03.0000000,3,0,3,7.5,3,4,3,4,4,3,3,4,4,4,3,9,9
2024-10-26 14:09:21.0000000,4,0,4,8.5,3,5,3,4,4,4,3,4,3,3,3,12,12
2024-10-26 14:09:45.0000000,4,0,4,8.5,3,5,3,4,3,4,3,4,4,4,1,12,12
2024-10-26 14:10:57.0000000,4,0,3,7.5,3,4,4,4,4,3,3,3,4,4,2,12,9
2024-10-26 14:11:17.0000000,3,0,3,8.5,3,5,4,4,4,3,3,3,2,3,2,12,9
2024-10-26 14:11:50.0000000,3,1,3,8.5,4,4,4,4,4,3,4,3,3,3,2,12,12
2024-10-26 14:12:07.0000000,3,0,3,7.5,3,4,3,4,2,4,3,3,3,3,2,12,9
2024-10-26 14:12:24.0000000,4,0,4,8.5,2,4,3,3,4,3,3,4,3,3,2,9,12
2024-10-26 14:12:42.0000000,4,1,3,8.5,4,5,3,3,3,4,3,3,3,4,2,12,9
2024-10-26 14:13:50.0000000,4,1,3,7.5,3,5,4,4,4,3,4,3,4,4,1,12,12
2024-10-26 14:14:11.0000000,3,0,3,7.5,3,4,3,3,3,3,3,3,4,4,1,9,9
2024-10-26 14:16:13.0000000,3,1,4,7.5,3,4,3,3,3,3,2,3,3,4,2,9,8
2024-10-26 14:16:58.0000000,4,0,3,7.5,4,4,3,3,4,3,4,3,4,4,2,9,12
2024-10-26 14:17:27.0000000,3,1,3,7.5,4,4,3,4,4,3,3,4,3,4,2,9,9
2024-10-26 14:17:51.0000000,3,0,4,8.5,3,5,4,4,3,3,3,3,3,3,1,12,12
2024-10-26 14:18:44.0000000,3,0,3,7.5,3,4,3,3,3,3,3,3,4,3,1,9,9
2024-10-26 14:19:10.0000000,3,0,3,7.5,3,5,4,3,3,3,3,4,3,3,2,12,9
2024-10-26 14:19:32.0000000,3,1,4,7.5,3,4,3,3,3,3,3,3,4,4,2,9,12
2024-10-26 14:22:58.0000000,4,0,3,7.5,3,4,3,3,3,3,3,3,4,4,2,9,9
2024-10-26 14:23:32.0000000,4,0,4,8.5,4,4,3,3,3,3,3,3,4,4,2,9,12
2024-10-26 14:24:32.0000000,4,0,4,8.5,3,4,3,3,4,4,3,3,3,4,1,12,12
2024-10-26 14:27:50.0000000,4,0,4,8.5,4,5,3,3,4,4,3,4,3,4,1,12,12
2024-10-26 14:28:24.0000000,4,1,4,7.5,3,5,4,4,3,3,3,3,4,4,1,12,12
2024-10-26 14:28:44.0000000,4,1,4,8.5,4,5,4,3,3,4,3,3,3,4,1,16,12
2024-10-26 14:29:03.0000000,4,0,4,8.5,3,5,3,4,3,3,3,3,3,3,2,9,12
2024-10-26 14:34:28.0000000,4,0,4,8.5,3,4,3,3,3,3,3,4,4,3,2,9,12
2024-10-26 14:35:27.0000000,2,1,3,8.5,4,5,3,3,4,4,4,4,4,4,1,12,12
2024-10-26 14:36:23.0000000,4,1,4,8.5,4,5,4,4,3,4,3,4,4,4,2,16,12
2024-10-26 15:25:18.0000000,4,0,3,7.5,3,5,3,3,3,2,3,3,3,3,2,6,9
2024-10-26 15:25:36.0000000,3,1,3,7.5,3,5,3,3,4,4,4,3,3,4,2,12,12
2024-10-26 15:26:02.0000000,4,1,3,7.5,3,3,2,2,2,4,3,3,3,4,2,8,9
2024-10-26 15:26:47.0000000,4,0,3,7.5,3,1,4,3,3,3,3,3,4,3,2,12,9
2024-10-26 15:27:12.0000000,4,1,2,7.5,3,1,3,3,3,3,3,3,3,3,2,9,6
2024-10-26 15:27:34.0000000,4,0,3,7.5,3,2,3,3,3,3,3,3,3,3,2,9,9
2024-10-26 15:27:56.0000000,4,0,3,7.5,3,1,3,4,3,3,3,3,3,3,1,9,9
2024-10-26 15:28:17.0000000,4,1,3,7.5,4,2,2,4,3,3,3,3,3,3,2,6,9
2024-10-26 15:28:49.0000000,4,0,4,7.5,2,1,3,3,3,3,3,3,4,4,2,9,12
2024-10-26 15:29:24.0000000,4,0,3,8.5,2,1,4,4,2,3,2,3,3,3,2,12,6
2024-10-26 15:55:54.0000000,3,0,3,7.5,3,1,4,3,4,3,3,4,4,4,1,12,9
2024-10-26 15:56:16.0000000,1,0,4,8.5,3,1,4,3,4,4,3,4,4,4,1,16,12
2024-10-26 15:56:35.0000000,3,0,4,8.5,3,1,4,3,3,3,3,4,3,3,1,12,12
2024-10-26 15:56:57.0000000,4,0,4,8.5,4,1,4,4,4,4,3,4,3,3,1,16,12
2024-10-26 15:57:17.0000000,4,0,3,8.5,3,1,3,4,4,4,3,4,4,4,1,12,9
2024-10-26 15:57:40.0000000,4,0,4,7.5,2,1,4,3,3,4,4,4,4,4,1,16,16
2024-10-26 15:58:02.0000000,4,1,4,8.5,4,1,3,4,3,4,4,4,3,4,1,12,16
2024-10-26 15:58:31.0000000,4,0,4,8.5,4,1,4,4,4,3,4,4,4,4,1,12,16
2024-10-26 15:58:52.0000000,4,0,4,8.5,4,1,4,4,4,4,4,4,4,4,1,16,16
2024-10-26 15:59:25.0000000,4,1,4,8.5,3,1,4,4,4,4,4,4,4,4,1,16,16
2024-10-26 15:59:42.0000000,4,0,4,7.5,4,1,3,3,3,4,4,4,4,4,1,12,16
2024-10-26 16:00:18.0000000,4,1,3,7.5,3,1,3,4,4,4,4,3,3,4,1,12,12
2024-10-26 16:00:42.0000000,4,1,4,8.5,4,1,4,4,4,4,4,4,3,4,1,16,16
2024-10-26 16:01:05.0000000,4,0,4,8.5,4,1,4,4,4,3,4,4,4,4,1,12,16
2024-10-26 16:01:23.0000000,4,1,4,8.5,4,1,4,4,4,4,4,4,4,4,1,16,16
2024-10-26 16:01:42.0000000,4,1,4,8.5,3,1,4,4,3,3,4,4,3,4,1,12,16
2024-10-26 16:02:06.0000000,4,0,4,8.5,3,1,4,4,3,4,4,4,4,4,1,16,16
2024-10-26 16:02:31.0000000,4,0,4,8.5,3,1,4,3,4,4,4,4,4,4,1,16,16
2024-10-26 16:03:09.0000000,3,1,4,8.5,4,1,4,3,4,4,4,4,4,4,1,16,16
2024-10-26 16:03:28.0000000,3,0,4,7.5,4,1,4,4,4,4,4,4,4,4,1,16,16
2024-10-26 16:04:19.0000000,3,0,4,8.5,4,1,4,4,4,4,3,4,3,4,1,16,12
2024-10-26 16:04:38.0000000,4,0,4,8.5,4,1,4,4,4,4,4,4,4,4,1,16,16
2024-10-26 16:04:56.0000000,4,0,4,8.5,4,1,4,4,4,4,3,4,4,4,1,16,12
2024-10-26 16:05:17.0000000,4,0,4,8.5,4,1,3,4,4,3,4,4,4,4,1,9,16
2024-10-26 16:07:55.0000000,4,0,4,8.5,4,1,4,4,4,4,4,4,4,4,1,16,16
2024-10-26 16:08:15.0000000,4,0,4,8.5,4,1,4,4,4,4,4,4,4,4,1,16,16
2024-10-26 16:09:58.0000000,4,0,4,8.5,4,1,4,4,4,4,4,4,4,4,1,16,16
2024-10-26 16:10:19.0000000,3,1,4,8.5,4,1,4,4,4,4,4,4,4,4,1,16,16
2024-10-26 16:10:40.0000000,4,1,4,8.5,4,1,4,4,4,4,4,4,4,4,1,16,16
2024-10-26 16:12:18.0000000,3,0,4,8.5,3,1,4,3,3,3,4,4,2,4,2,12,16
2024-10-26 16:12:51.0000000,1,0,4,8.5,4,1,4,4,3,3,3,3,2,3,1,12,12
2024-10-26 16:13:21.0000000,3,0,3,7.5,3,1,4,3,3,4,4,3,3,4,1,16,12
2024-10-26 16:13:51.0000000,4,0,4,8.5,3,1,3,3,0,3,2,3,2,4,1,9,8
2024-10-26 16:14:26.0000000,3,1,4,7.5,3,1,3,3,3,3,3,4,3,3,2,9,12
2024-10-26 16:14:45.0000000,3,0,3,7.5,3,1,3,3,3,3,3,3,3,4,1,9,9
2024-10-26 16:15:09.0000000,4,0,4,7.5,3,1,3,3,3,3,3,3,3,3,1,9,12
2024-10-26 16:19:38.0000000,4,0,4,8.5,4,1,4,3,4,4,4,4,2,4,1,16,16
2024-10-26 16:20:00.0000000,4,1,3,7.5,3,1,3,4,3,4,3,3,3,3,2,12,9
2024-10-26 16:20:31.0000000,3,0,3,7.5,3,1,3,3,3,3,4,4,1,4,1,9,12
2024-10-26 16:21:08.0000000,3,0,4,8.5,3,1,3,3,3,2,4,3,1,3,1,6,16
2024-10-26 16:21:38.0000000,2,0,3,7.5,3,1,3,3,3,3,3,3,1,3,2,9,9
2024-10-26 16:21:59.0000000,4,0,4,7.5,3,1,3,3,3,3,3,3,3,4,1,9,12
2024-10-26 16:23:03.0000000,3,0,4,8.5,3,1,3,3,3,3,3,3,1,4,1,9,12
2024-10-26 16:23:24.0000000,4,0,4,7.5,4,1,3,4,4,3,4,4,4,3,2,9,16
2024-10-26 16:23:51.0000000,4,0,3,7.5,3,1,3,4,3,4,4,3,3,3,1,12,12
2024-10-26 16:24:13.0000000,4,1,3,7.5,3,1,3,3,3,3,3,4,3,3,1,9,9
2024-10-26 16:28:54.0000000,3,1,3,8.5,3,1,4,3,3,4,4,3,4,4,2,16,12
2024-10-26 16:29:16.0000000,3,0,3,8.5,3,1,3,3,3,3,3,3,3,3,5,9,9
2024-10-26 16:29:57.0000000,3,0,4,7.5,3,1,3,3,3,3,3,3,3,3,1,9,12
2024-10-26 16:30:27.0000000,3,0,3,7.5,3,1,3,3,3,3,3,3,1,3,2,9,9
2024-10-26 16:30:51.0000000,3,0,3,7.5,3,1,4,3,3,3,3,3,3,3,1,12,9
2024-10-26 16:31:14.0000000,4,0,4,7.5,4,1,4,3,3,3,3,3,3,3,1,12,12
2024-10-26 16:31:35.0000000,4,0,4,7.5,3,1,4,3,3,3,3,3,3,4,1,12,12
2024-10-26 16:31:55.0000000,3,0,4,7.5,4,1,4,4,3,4,3,3,4,4,1,16,12
2024-10-26 16:32:15.0000000,4,1,4,8.5,3,1,3,3,4,2,2,2,2,3,2,6,8
2024-10-26 16:39:11.0000000,3,0,3,8.5,3,1,3,3,3,3,0,2,2,3,1,9,0
2024-10-26 16:39:36.0000000,3,0,4,7.5,3,1,3,2,3,3,3,3,3,3,3,9,12
2024-10-26 16:40:00.0000000,4,0,3,7.5,3,1,3,3,3,3,3,3,2,3,2,9,9
2024-10-26 16:40:21.0000000,3,1,4,7.5,4,1,3,4,3,3,4,3,3,4,2,9,16
2024-10-26 16:40:42.0000000,3,0,3,6.5,3,1,3,3,3,3,3,3,3,3,2,9,9
2024-10-26 16:41:02.0000000,4,0,3,7.5,3,1,4,3,3,4,3,3,3,3,2,16,9
2024-10-26 16:41:22.0000000,4,0,3,7.5,2,1,4,3,3,3,3,3,2,3,1,12,9
2024-10-26 16:41:43.0000000,3,0,3,7.5,3,1,3,3,3,3,3,3,3,3,2,9,9
2024-10-26 16:42:02.0000000,3,0,4,7.5,3,1,3,3,3,3,3,3,2,4,1,9,12
2024-10-26 16:42:19.0000000,3,0,3,7.5,3,1,3,3,3,3,3,3,3,3,1,9,9
2024-10-26 16:42:41.0000000,4,0,3,7.5,3,1,3,3,3,2,4,3,3,3,1,6,12
2024-10-26 16:43:00.0000000,4,0,3,7.5,3,1,3,3,4,3,3,3,3,3,2,9,9
2024-10-26 16:43:18.0000000,4,0,4,8.5,3,1,4,3,3,4,3,4,3,3,1,16,12
2024-10-26 16:43:39.0000000,3,1,3,8.5,3,1,4,3,3,3,4,3,3,4,1,12,12
2024-10-26 16:43:56.0000000,4,0,3,7.5,3,1,3,3,4,4,4,3,3,4,1,12,12
2024-10-26 16:44:13.0000000,3,0,3,7.5,3,1,3,3,4,3,4,4,3,3,2,9,12
2024-10-26 16:47:13.0000000,4,0,3,7.5,2,1,3,3,3,3,3,3,3,3,2,9,9
2024-10-26 16:47:35.0000000,4,0,3,7.5,3,1,3,3,3,3,2,3,2,3,1,9,6
2024-10-26 16:48:43.0000000,3,0,3,7.5,3,1,3,3,3,2,3,3,3,3,1,6,9
2024-10-26 16:49:03.0000000,3,0,3,7.5,3,1,3,3,2,3,3,3,3,3,2,9,9
2024-10-26 16:49:24.0000000,1,0,3,7.5,3,1,3,3,3,3,3,3,3,3,2,9,9
2024-11-06 19:04:36.0000000,3,0,3,7.5,3,2,3,4,4,4,4,4,4,3,1,12,12
2024-10-26 16:49:48.0000000,4,0,3,7.5,3,1,3,3,3,3,3,3,3,3,2,9,9
2024-10-26 16:52:42.0000000,3,1,3,7.5,3,1,2,3,3,3,3,3,3,3,2,6,9
2024-10-26 16:53:29.0000000,3,0,3,7.5,3,1,3,3,3,3,3,3,3,3,1,9,9
2024-10-26 16:53:48.0000000,3,0,3,7.5,3,1,3,3,3,3,4,3,3,4,2,9,12
2024-10-26 16:54:11.0000000,3,0,4,7.5,3,1,3,3,3,4,4,3,3,4,1,12,16
2024-10-26 17:06:19.0000000,4,0,2,7.5,3,1,3,3,3,3,3,4,3,3,2,9,6
2024-10-27 00:41:18.0000000,3,0,3,7.5,4,1,3,3,3,2,3,4,2,3,1,6,9
2024-10-27 00:45:51.0000000,3,0,4,7.5,3,1,4,3,3,3,3,4,3,4,1,12,12
2024-10-27 00:47:01.0000000,4,1,3,7.5,3,1,2,2,2,2,3,3,3,3,1,4,9
2024-10-27 00:47:22.0000000,4,1,3,7.5,3,1,3,3,3,3,4,3,3,3,1,9,12
2024-10-27 00:47:58.0000000,3,0,4,8.5,4,1,3,4,4,4,3,4,3,4,1,12,12
2024-10-27 00:49:36.0000000,3,0,3,8.5,4,1,3,3,3,3,3,3,3,3,1,9,9
2024-10-27 00:49:56.0000000,4,0,4,7.5,3,1,3,4,3,3,4,4,3,4,1,9,16
2024-10-27 00:50:23.0000000,3,0,4,7.5,3,1,4,3,3,3,4,4,3,4,1,12,16
2024-10-27 00:50:50.0000000,3,0,4,7.5,3,1,4,3,4,2,3,3,3,4,1,8,12
2024-10-27 00:51:10.0000000,3,0,4,7.5,3,1,3,3,4,4,3,1,4,3,1,12,12
2024-10-27 00:51:32.0000000,3,0,3,7.5,3,1,3,4,3,3,4,4,4,4,1,9,12
2024-10-27 00:51:51.0000000,4,0,3,8.5,4,1,4,2,4,4,3,3,4,4,1,16,9
2024-10-27 00:52:08.0000000,3,0,3,8.5,3,1,4,3,3,4,3,3,4,3,2,16,9
2024-10-27 00:53:53.0000000,4,0,3,8.5,3,1,3,4,4,4,3,3,3,4,1,12,9
2024-10-27 00:54:47.0000000,4,1,4,8.5,4,1,4,4,3,4,4,4,3,3,1,16,16
2024-10-27 00:56:04.0000000,3,0,3,7.5,3,1,4,3,4,3,2,3,4,4,1,12,6
2024-10-27 00:56:25.0000000,3,1,3,8.5,3,1,4,2,3,2,3,3,2,3,1,8,9
2024-10-27 00:56:43.0000000,4,0,4,8.5,3,1,3,3,3,3,2,2,4,4,1,9,8
2024-10-27 00:57:55.0000000,3,0,4,7.5,3,1,2,4,3,3,3,3,4,4,1,6,12
2024-10-27 01:00:46.0000000,4,0,3,7.5,1,2,4,4,4,3,3,3,4,3,1,12,9
2024-10-27 01:01:12.0000000,3,0,0,7.5,3,1,3,4,3,4,3,4,3,3,1,12,0
2024-10-27 01:01:30.0000000,3,0,4,7.5,4,1,3,4,3,3,4,3,3,4,2,9,16
2024-10-27 01:01:49.0000000,4,1,4,7.5,4,1,3,3,3,4,3,3,4,4,1,12,12
2024-10-27 01:02:11.0000000,4,0,4,7.5,4,1,3,3,3,3,3,4,4,3,2,9,12
2024-10-27 01:02:31.0000000,4,0,3,8.5,3,1,3,3,3,3,2,3,4,4,1,9,6
2024-10-27 01:02:59.0000000,3,1,3,8.5,3,1,3,3,4,2,3,4,3,4,2,6,9
2024-10-27 01:03:27.0000000,3,0,4,8.5,4,1,3,2,4,3,3,3,3,3,2,9,12
2024-11-06 19:04:54.0000000,4,0,4,7.5,4,2,4,3,4,3,4,4,4,4,2,12,16
2024-10-27 11:04:35.0000000,4,0,3,8.5,3,1,3,2,2,3,4,4,2,4,2,9,12
2024-10-27 11:04:55.0000000,4,0,3,7.5,4,1,3,4,3,3,3,3,4,3,1,9,9
2024-10-27 11:05:15.0000000,3,0,4,7.5,3,1,3,4,4,4,3,3,3,4,2,12,12
2024-10-27 11:05:43.0000000,3,1,3,8.5,3,1,3,2,4,4,3,4,4,3,2,12,9
2024-10-27 11:06:05.0000000,3,0,3,7.5,3,1,3,3,3,4,4,4,4,3,2,12,12
2024-10-27 11:06:26.0000000,4,0,4,7.5,4,1,4,4,3,3,4,3,4,4,1,12,16
2024-10-27 11:06:45.0000000,4,0,3,7.5,3,1,4,3,3,3,4,4,3,3,2,12,12
2024-10-27 11:07:02.0000000,3,0,3,7.5,3,1,3,3,3,4,4,4,4,3,1,12,12
2024-10-27 11:07:22.0000000,4,0,3,8.5,3,1,3,3,3,3,3,4,3,3,2,9,9
2024-10-27 11:07:55.0000000,3,0,3,8.5,4,1,4,3,3,3,4,3,4,4,2,12,12
2024-10-27 11:08:36.0000000,4,0,3,8.5,3,1,3,4,3,4,3,3,3,3,2,12,9
2024-10-27 11:08:53.0000000,3,0,4,8.5,2,1,3,3,4,4,3,3,4,4,2,12,12
2024-10-27 11:09:15.0000000,3,0,4,7.5,3,1,3,3,3,3,3,3,4,3,2,9,12
2024-10-27 11:09:32.0000000,3,0,3,7.5,4,1,3,3,3,3,3,3,3,3,1,9,9
2024-10-27 11:09:50.0000000,3,0,3,7.5,3,2,3,3,3,3,3,3,3,3,2,9,9
2024-10-27 11:10:11.0000000,3,1,3,7.5,3,1,3,3,3,3,3,3,2,3,2,9,9
2024-10-27 11:10:30.0000000,3,0,3,7.5,1,2,3,3,4,3,3,3,3,3,2,9,9
2024-10-27 11:10:57.0000000,3,0,3,7.5,3,1,3,4,4,3,3,4,3,3,2,9,9
2024-10-27 11:11:19.0000000,3,1,3,7.5,4,2,3,3,3,4,4,3,3,4,1,12,12
2024-10-27 11:11:41.0000000,3,0,2,7.5,2,2,3,3,3,3,3,3,3,3,2,9,6
2024-10-27 11:11:58.0000000,4,0,3,7.5,3,1,3,3,3,3,3,3,4,3,2,9,9
2024-10-27 11:12:17.0000000,3,1,3,7.5,3,1,3,2,3,3,3,3,3,3,2,9,9
2024-10-27 11:12:34.0000000,3,0,3,7.5,3,2,3,3,3,3,3,3,3,4,2,9,9
2024-10-27 11:12:50.0000000,3,0,4,7.5,3,1,3,3,3,3,3,3,3,3,2,9,12
2024-10-27 11:13:11.0000000,4,1,3,8.5,4,1,4,2,4,4,3,3,3,4,2,16,9
2024-10-27 11:13:33.0000000,3,0,3,7.5,3,2,2,3,3,3,3,3,3,3,3,6,9
2024-10-27 11:13:56.0000000,3,0,4,8.5,3,1,3,3,3,2,3,3,4,3,2,6,12
2024-10-27 11:14:28.0000000,3,0,3,8.5,3,1,3,3,3,3,3,4,3,4,2,9,9
2024-10-27 11:14:47.0000000,3,0,4,8.5,3,2,3,3,3,4,4,4,4,4,1,12,16
2024-10-27 11:15:12.0000000,2,0,3,8.5,3,2,3,3,4,3,3,3,3,3,2,9,9
2024-10-27 11:15:34.0000000,3,0,4,7.5,3,1,3,3,3,3,4,4,4,4,1,9,16
2024-10-27 11:16:08.0000000,2,0,3,6.5,2,1,3,4,3,3,3,4,4,3,1,9,9
2024-10-27 11:16:24.0000000,3,1,3,8.5,3,1,3,3,4,3,2,4,3,4,2,9,6
2024-10-27 11:16:43.0000000,4,1,3,8.5,3,1,4,3,3,3,3,4,3,4,1,12,9
2024-10-27 11:17:03.0000000,3,0,3,7.5,3,2,4,4,3,3,3,3,3,4,1,12,9
2024-10-27 11:17:23.0000000,3,0,3,8.5,4,2,3,3,2,3,4,3,3,4,2,9,12
2024-10-27 11:17:41.0000000,4,0,3,8.5,4,1,3,3,3,2,4,3,3,4,2,6,12
2024-10-27 11:18:00.0000000,4,0,4,8.5,3,2,3,3,4,3,3,3,3,3,2,9,12
2024-10-27 11:18:18.0000000,3,1,4,7.5,3,2,3,3,4,4,4,3,3,3,3,12,16
2024-10-27 11:18:38.0000000,4,1,4,7.5,3,1,3,3,4,4,3,3,3,3,2,12,12
2024-10-27 11:18:57.0000000,4,0,3,7.5,3,1,4,3,3,3,3,3,4,4,1,12,9
2024-10-27 11:19:15.0000000,3,1,4,7.5,4,2,3,4,2,4,3,3,3,3,1,12,12
2024-10-27 11:19:32.0000000,3,1,3,7.5,3,1,4,3,4,3,3,4,3,4,1,12,9
2024-10-27 11:19:52.0000000,4,0,3,7.5,3,1,3,3,3,3,2,3,3,3,2,9,6
2024-10-27 11:20:11.0000000,4,1,4,7.5,3,1,3,3,4,4,3,3,3,3,1,12,12
2024-10-27 11:21:12.0000000,3,0,4,7.5,3,1,2,3,4,3,3,3,3,3,1,6,12
2024-10-27 11:21:31.0000000,3,1,3,7.5,4,2,2,4,3,4,3,3,4,3,2,8,9
2024-10-27 11:21:50.0000000,4,0,3,8.5,3,1,4,3,3,3,3,3,3,3,2,12,9
2024-10-27 11:22:09.0000000,3,0,4,6.5,2,1,2,2,3,3,3,3,3,3,2,6,12
2024-10-27 11:22:30.0000000,3,1,3,7.5,2,2,3,2,3,4,4,3,4,3,2,12,12
2024-10-27 11:22:51.0000000,3,1,3,7.5,3,1,3,3,2,3,4,4,3,3,1,9,12
2024-10-27 11:23:12.0000000,3,1,3,7.5,3,2,3,3,3,3,3,3,3,3,5,9,9
2024-10-27 11:23:33.0000000,4,0,4,8.5,4,1,4,4,3,4,3,4,4,3,2,16,12
2024-10-27 11:23:51.0000000,4,0,4,8.5,3,2,3,4,3,3,3,3,3,4,2,9,12
2024-10-27 11:24:12.0000000,3,0,4,8.5,3,1,3,4,4,3,3,4,3,4,2,9,12
2024-10-27 11:24:35.0000000,4,0,3,7.5,3,1,4,3,3,3,3,3,3,4,2,12,9
2024-10-27 11:24:59.0000000,4,0,4,7.5,3,2,3,3,3,3,3,3,3,3,2,9,12
2024-10-27 11:25:18.0000000,4,1,3,7.5,2,1,3,3,4,3,4,3,3,4,2,9,12
2024-10-27 11:25:36.0000000,4,0,3,8.5,3,1,3,3,3,3,3,3,3,3,2,9,9
2024-10-27 11:25:55.0000000,4,0,3,7.5,3,1,3,2,3,2,4,3,2,4,1,6,12
2024-10-27 11:26:17.0000000,4,0,4,7.5,4,1,3,4,3,4,4,3,4,4,1,12,16
2024-10-27 11:26:38.0000000,4,0,3,7.5,3,1,2,4,3,3,3,4,3,4,1,6,9
2024-10-27 11:26:58.0000000,3,1,4,7.5,4,1,3,3,3,3,3,3,3,3,1,9,12
2024-10-27 11:27:16.0000000,3,0,4,7.5,4,1,3,4,3,3,3,4,4,3,1,9,12
2024-10-27 11:27:33.0000000,3,1,4,6.5,3,1,3,4,4,3,3,2,3,3,2,9,12
2024-10-27 11:27:55.0000000,3,0,3,7.5,3,1,3,2,3,3,3,3,2,3,1,9,9
2024-10-27 11:28:14.0000000,4,0,3,8.5,3,1,4,3,3,4,3,4,4,4,2,16,9
2024-10-27 11:28:36.0000000,4,1,3,8.5,4,5,4,4,3,4,3,3,3,4,1,16,9
2024-10-27 11:28:55.0000000,4,0,4,8.5,4,1,3,3,3,3,3,3,4,4,1,9,12
2024-10-27 11:29:16.0000000,4,0,4,8.5,4,1,4,4,3,3,4,3,3,3,1,12,16
2024-10-27 11:29:32.0000000,2,0,3,8.5,4,1,3,3,3,4,3,3,3,4,2,12,9
2024-10-27 11:29:50.0000000,1,1,4,8.5,3,1,3,3,3,2,3,2,3,3,1,6,12
2024-10-27 11:30:08.0000000,2,1,3,7.5,4,1,4,4,4,4,3,3,3,3,2,16,9
2024-10-27 11:30:23.0000000,3,0,4,8.5,2,1,3,4,4,3,3,3,3,3,2,9,12
2024-10-27 11:30:39.0000000,3,1,3,7.5,2,1,3,3,3,2,3,3,3,4,1,6,9
2024-10-27 11:30:56.0000000,4,0,4,7.5,3,1,4,2,4,3,3,4,4,4,1,12,12
2024-10-27 11:31:12.0000000,3,1,2,8.5,3,1,3,4,3,3,3,4,4,3,1,9,6
2024-10-27 11:31:28.0000000,3,0,3,7.5,3,1,4,2,3,4,3,4,4,4,1,16,9
2024-10-27 11:31:48.0000000,3,0,3,6.5,0,1,3,3,3,3,3,4,3,3,1,9,9
2024-10-27 11:32:04.0000000,3,0,4,7.5,3,1,3,3,3,3,3,4,3,4,2,9,12
2024-10-27 11:32:21.0000000,4,0,3,8.5,4,1,3,4,3,1,3,4,3,4,1,3,9
2024-10-27 11:32:39.0000000,3,0,3,7.5,4,1,3,4,4,4,3,4,4,4,2,12,9
2024-10-27 11:33:06.0000000,3,1,4,8.5,3,1,3,3,3,4,4,4,2,3,2,12,16
2024-10-27 11:33:24.0000000,4,0,3,7.5,4,1,3,3,4,4,4,3,4,4,1,12,12
2024-10-27 11:33:41.0000000,4,0,4,7.5,4,1,4,4,3,3,4,4,3,3,1,12,16
2024-10-27 11:33:59.0000000,3,0,4,8.5,4,1,4,3,3,4,3,3,4,4,2,16,12
2024-10-27 11:34:21.0000000,3,0,4,8.5,3,1,4,4,3,3,3,3,3,4,2,12,12
2024-10-27 11:34:43.0000000,1,1,3,8.5,3,1,3,2,4,3,3,3,3,4,1,9,9
2024-10-27 11:35:06.0000000,4,1,3,7.5,3,1,3,3,2,3,2,2,3,4,1,9,6
2024-10-27 11:35:27.0000000,4,0,3,6.5,2,1,3,3,4,3,2,3,4,4,3,9,6
2024-10-28 16:39:52.0000000,1,1,4,3.0,4,1,3,2,3,3,2,2,1,3,1,9,8
2024-10-28 21:16:02.0000000,3,0,3,7.5,4,2,3,3,3,3,3,3,3,3,1,9,9
2024-10-28 21:16:34.0000000,3,0,3,8.5,3,2,3,3,3,3,3,3,3,4,2,9,9
2024-10-28 21:16:57.0000000,3,1,3,7.5,3,1,3,3,3,3,3,3,2,3,2,9,9
2024-10-28 21:17:17.0000000,3,0,4,7.5,3,2,3,3,3,3,3,3,3,4,2,9,12
2024-10-28 21:17:25.0000000,3,0,3,8.5,4,2,3,3,3,3,3,3,3,4,2,9,9
2024-10-28 21:17:38.0000000,4,0,4,7.5,3,2,4,3,3,4,3,2,3,3,1,16,12
2024-10-28 23:21:56.0000000,3,0,3,8.5,3,2,3,3,3,3,3,3,3,4,2,9,9
2024-10-28 23:22:42.0000000,3,0,4,7.5,4,1,3,3,3,3,4,3,3,4,2,9,16
2024-10-30 22:05:30.0000000,3,0,3,7.5,3,2,3,3,3,3,2,3,4,3,1,9,6
2024-10-30 22:05:48.0000000,4,0,3,7.5,3,1,3,3,3,3,3,3,3,3,1,9,9
2024-10-30 22:06:20.0000000,3,0,3,7.5,4,2,3,3,3,3,4,3,3,3,1,9,12
2024-11-06 19:05:10.0000000,3,0,4,7.5,3,2,4,3,4,4,3,4,4,4,2,16,12
2024-10-30 22:06:39.0000000,3,0,3,7.5,3,2,3,2,3,2,3,3,3,3,1,6,9
2024-10-30 22:07:02.0000000,3,0,3,8.5,3,2,2,4,4,4,2,4,4,3,2,8,6
2024-10-30 22:07:22.0000000,3,0,3,7.5,3,2,3,3,4,3,4,3,3,3,2,9,12
2024-10-30 22:08:27.0000000,3,1,3,7.5,4,2,3,3,4,4,3,4,4,4,2,12,9
2024-10-30 22:11:39.0000000,4,0,3,8.5,3,1,3,2,3,3,3,3,3,3,2,9,9
2024-10-30 22:12:05.0000000,4,0,4,8.5,2,2,4,3,4,4,4,3,3,3,1,16,16
2024-10-30 22:13:53.0000000,4,0,3,7.5,4,2,3,3,3,3,3,3,3,3,1,9,9
2024-10-30 22:14:10.0000000,4,1,3,7.5,3,2,3,4,3,4,4,3,3,4,1,12,12
2024-10-30 22:14:29.0000000,3,1,0,6.5,0,4,3,2,0,2,4,0,3,3,5,6,0
2024-10-30 22:15:07.0000000,3,1,4,8.5,4,1,3,1,1,1,2,2,1,3,3,3,8
2024-10-30 22:15:10.0000000,3,0,3,7.5,3,2,3,3,3,3,3,3,4,3,1,9,9
2024-10-30 22:15:32.0000000,3,0,4,7.5,3,1,4,3,3,3,3,3,3,3,1,12,12
2024-10-30 22:16:06.0000000,2,0,3,7.5,3,1,3,3,3,3,3,3,3,3,2,9,9
2024-10-30 22:16:29.0000000,3,0,3,8.5,3,2,3,3,3,3,3,4,4,3,2,9,9
2024-10-30 22:17:31.0000000,3,0,3,8.5,4,2,3,3,3,4,3,3,3,4,2,12,9
2024-10-30 22:17:50.0000000,4,0,4,7.5,3,2,2,3,3,3,3,3,3,3,1,6,12
2024-10-30 22:18:15.0000000,3,0,4,7.5,3,2,4,3,3,2,3,3,3,3,4,8,12
2024-10-30 22:18:54.0000000,4,1,3,7.5,3,2,4,4,4,4,4,3,3,4,1,16,12
2024-10-30 22:19:09.0000000,3,1,3,7.5,3,1,4,3,4,3,4,3,3,4,1,12,12
2024-10-30 22:19:37.0000000,4,0,3,7.5,3,1,4,3,4,3,3,4,3,3,1,12,9
2024-10-30 22:19:57.0000000,3,0,3,7.5,4,2,3,4,4,3,3,4,4,4,2,9,9
2024-10-30 22:20:11.0000000,3,1,3,7.5,3,2,2,2,2,2,2,2,2,1,4,4,6
2024-10-30 22:20:15.0000000,4,0,4,7.5,4,4,3,3,3,4,3,3,3,3,2,12,12
2024-10-30 22:21:05.0000000,3,0,3,7.5,3,1,3,3,2,2,3,3,3,3,1,6,9
2024-10-30 22:21:13.0000000,3,1,1,4.5,1,1,1,1,1,1,1,2,3,1,4,1,1
2024-10-30 22:21:30.0000000,4,0,3,7.5,3,2,3,4,3,3,3,3,3,3,1,9,9
2024-10-30 22:21:58.0000000,3,0,3,7.5,3,2,3,3,4,3,3,2,4,4,1,9,9
2024-10-30 22:22:18.0000000,4,0,4,8.5,3,2,3,3,3,3,3,3,3,3,2,9,12
2024-10-30 22:22:49.0000000,3,0,3,8.5,3,2,3,3,3,3,3,3,3,3,2,9,9
2024-10-30 22:22:50.0000000,3,1,3,7.5,3,2,4,4,3,4,3,4,4,3,2,16,9
2024-10-30 22:23:13.0000000,1,1,2,8.5,2,2,3,3,3,3,3,4,4,4,1,9,6
2024-10-30 22:23:24.0000000,3,0,3,7.5,3,3,3,3,3,3,3,3,3,4,3,9,9
2024-10-30 22:23:53.0000000,3,0,4,8.5,4,2,3,3,3,3,3,4,3,4,3,9,12
2024-10-30 22:24:20.0000000,3,1,2,8.5,4,1,3,4,3,3,4,3,4,4,1,9,8
2024-10-30 22:24:37.0000000,3,0,4,6.5,3,2,4,2,3,2,3,3,3,4,2,8,12
2024-10-30 22:24:55.0000000,4,0,4,7.5,4,1,3,3,3,4,3,3,4,3,2,12,12
2024-10-30 22:25:15.0000000,3,0,3,8.5,3,1,4,3,3,3,4,4,4,3,2,12,12
2024-10-30 22:26:05.0000000,4,1,3,7.5,4,2,4,3,2,3,3,3,4,4,2,12,9
2024-10-30 22:26:22.0000000,3,0,4,7.5,4,1,3,4,4,3,3,3,4,3,1,9,12
2024-10-30 22:27:23.0000000,3,0,3,7.5,3,2,2,4,2,3,3,4,3,3,2,6,9
2024-10-30 22:27:42.0000000,2,0,3,8.5,3,1,2,4,4,3,3,3,2,4,2,6,9
2024-10-30 22:27:59.0000000,2,0,4,7.5,3,2,2,3,3,4,3,3,3,4,2,8,12
2024-10-30 22:28:22.0000000,4,0,4,7.5,4,2,3,3,3,4,3,3,3,4,2,12,12
2024-10-30 22:28:46.0000000,3,0,2,8.5,4,2,3,3,4,3,3,3,4,3,2,9,6
2024-10-30 22:29:13.0000000,4,0,3,8.5,3,2,3,3,4,3,4,3,3,3,2,9,12
2024-10-30 22:29:50.0000000,3,0,3,8.5,4,2,3,4,3,4,3,3,4,3,2,12,9
2024-10-30 22:30:10.0000000,4,0,3,7.5,4,2,3,3,4,3,3,3,4,3,2,9,9
2024-10-30 22:35:01.0000000,3,0,3,8.5,4,2,3,3,3,3,3,3,4,4,1,9,9
2024-10-30 22:35:13.0000000,3,1,1,4.5,1,4,0,3,2,2,2,3,3,3,3,0,2
2024-10-30 22:35:28.0000000,3,0,4,7.5,3,2,4,3,3,3,4,4,3,4,2,12,16
2024-10-30 22:35:50.0000000,3,0,3,7.5,4,3,3,3,3,3,3,3,3,3,3,9,9
2024-10-30 22:35:52.0000000,3,0,2,8.5,4,2,4,4,3,3,2,3,3,3,1,12,4
2024-10-30 22:36:11.0000000,3,0,3,7.5,3,1,3,2,3,3,3,3,4,3,1,9,9
2024-10-30 22:36:23.0000000,3,1,1,4.5,0,5,0,2,3,2,2,2,1,3,3,0,2
2024-10-30 22:36:42.0000000,2,0,3,7.5,3,2,3,3,3,3,3,3,3,3,2,9,9
2024-10-30 22:37:14.0000000,3,0,3,7.5,3,3,3,3,3,3,3,3,3,3,3,9,9
2024-10-30 22:37:31.0000000,3,0,3,7.5,3,2,4,4,3,3,3,3,3,3,1,12,9
2024-10-30 22:38:05.0000000,3,0,3,8.5,4,2,3,3,3,4,4,4,3,3,2,12,12
2024-10-30 22:38:15.0000000,3,0,4,7.5,3,3,3,3,3,3,3,3,3,3,3,9,12
2024-10-30 22:39:09.0000000,4,0,4,7.5,3,2,3,4,3,3,3,3,3,3,1,9,12
2024-10-30 22:39:35.0000000,3,0,3,8.5,4,2,3,3,3,4,4,3,3,4,2,12,12
2024-10-30 22:39:56.0000000,4,1,3,7.5,3,4,4,3,4,3,4,3,3,4,1,12,12
2024-10-30 22:40:46.0000000,3,0,3,7.5,4,1,3,3,3,3,3,3,3,3,1,9,9
2024-10-30 22:41:11.0000000,4,0,3,7.5,3,2,2,3,3,3,3,3,3,4,2,6,9
2024-10-30 22:41:26.0000000,4,0,4,7.5,4,2,3,3,3,3,3,3,3,4,1,9,12
2024-10-30 22:42:30.0000000,4,0,3,8.5,4,2,3,2,1,3,2,3,1,3,1,9,6
2024-10-30 22:43:09.0000000,3,0,3,8.5,3,3,3,3,3,3,3,3,3,3,3,9,9
2024-10-30 22:44:32.0000000,3,0,3,7.5,3,3,3,3,3,3,3,3,3,3,3,9,9
2024-10-30 22:45:00.0000000,3,0,3,7.5,3,4,3,3,3,3,3,3,3,3,2,9,9
2024-10-30 22:45:28.0000000,3,0,3,7.5,3,4,3,3,3,3,3,3,3,3,2,9,9
2024-10-30 22:45:55.0000000,3,0,3,7.5,3,3,3,3,3,3,3,3,3,3,2,9,9
2024-10-31 00:54:24.0000000,3,0,2,8.5,3,1,2,3,4,3,3,3,3,3,2,6,6
2024-11-04 21:11:49.0000000,4,0,3,7.5,3,1,2,4,3,3,3,3,3,3,2,6,9
2024-11-04 21:59:32.0000000,3,0,3,8.5,4,2,3,4,4,3,3,3,3,3,2,9,9
2024-11-04 21:59:50.0000000,3,0,4,6.5,3,2,3,3,3,3,3,4,3,3,1,9,12
2024-11-04 22:00:18.0000000,3,0,3,7.5,3,2,4,2,3,3,3,3,2,3,2,12,9
2024-11-04 22:00:36.0000000,4,0,4,7.5,3,2,3,3,3,3,3,3,3,3,2,9,12
2024-11-04 22:00:54.0000000,3,0,3,7.5,3,2,3,3,3,4,3,3,3,3,1,12,9
2024-11-04 22:01:10.0000000,3,0,3,8.5,3,2,3,4,3,3,2,3,4,4,1,9,6
2024-11-04 22:01:35.0000000,4,1,4,7.5,4,2,3,3,4,4,3,4,3,3,1,12,12
2024-11-04 22:01:51.0000000,3,0,3,7.5,3,2,3,4,3,3,3,3,3,4,2,9,9
2024-11-04 22:02:36.0000000,4,0,3,7.5,4,2,3,3,2,3,4,4,4,3,1,9,12
2024-11-04 22:02:58.0000000,4,0,3,7.5,4,2,3,4,3,4,3,3,4,4,2,12,9
2024-11-04 22:03:18.0000000,3,0,3,7.5,4,2,3,3,3,3,3,3,3,3,1,9,9
2024-11-04 22:03:36.0000000,4,0,3,8.5,3,2,3,3,3,3,3,3,3,4,1,9,9
2024-11-04 22:05:37.0000000,3,0,3,7.5,4,2,4,3,3,4,4,4,3,4,2,16,12
2024-11-04 22:05:52.0000000,4,0,3,7.5,3,2,4,3,3,4,4,4,4,3,1,16,12
2024-11-04 22:06:23.0000000,3,0,2,7.5,3,2,3,4,4,3,3,4,4,4,1,9,6
2024-11-06 18:04:36.0000000,4,0,3,8.5,3,2,3,4,3,3,3,3,3,4,2,9,9
2024-11-06 18:04:54.0000000,4,0,3,7.5,4,2,3,2,3,3,3,3,3,4,1,9,9
2024-11-06 18:05:13.0000000,2,0,3,8.5,3,2,3,4,3,4,4,3,4,4,2,12,12
2024-11-06 18:05:33.0000000,4,0,4,7.5,4,1,4,3,4,4,3,4,3,3,2,16,12
2024-11-06 18:05:52.0000000,3,1,4,7.5,3,1,3,4,4,3,3,4,4,3,3,9,12
2024-11-06 18:06:13.0000000,4,0,4,8.5,4,1,3,3,3,3,4,4,4,3,2,9,16
2024-11-06 18:06:40.0000000,3,0,3,7.5,4,2,4,3,3,3,4,3,4,3,2,12,12
2024-11-06 18:07:06.0000000,4,0,3,7.5,3,2,3,4,3,4,4,4,3,4,1,12,12
2024-11-06 18:07:25.0000000,3,0,4,6.5,3,1,3,3,4,4,3,3,3,4,1,12,12
2024-11-06 18:08:01.0000000,4,0,4,8.5,3,1,3,3,4,4,3,4,4,3,3,12,12
2024-11-06 18:08:18.0000000,4,0,4,7.5,3,2,3,4,4,4,4,4,3,4,1,12,16
2024-11-06 18:08:40.0000000,3,0,3,8.5,4,1,3,3,4,3,3,4,3,3,2,9,9
2024-11-06 18:09:04.0000000,4,1,4,7.5,3,1,2,2,3,4,4,3,3,3,2,8,16
2024-11-06 18:09:25.0000000,4,0,4,7.5,3,1,3,3,3,3,4,3,3,3,2,9,16
2024-11-06 18:09:48.0000000,3,0,3,8.5,3,2,2,4,4,4,4,3,3,4,2,8,12
2024-11-06 18:10:07.0000000,3,0,3,7.5,3,2,3,3,3,3,3,3,3,3,3,9,9
2024-11-06 18:10:27.0000000,4,0,4,8.5,3,1,3,3,3,3,3,4,3,3,2,9,12
2024-11-06 18:12:05.0000000,4,0,3,8.5,4,1,3,3,3,3,3,4,3,3,1,9,9
2024-11-06 18:12:27.0000000,3,0,3,7.5,3,1,4,4,4,3,4,3,4,4,2,12,12
2024-11-06 18:47:54.0000000,4,0,3,8.5,4,2,4,4,3,4,4,3,3,3,1,16,12
2024-11-06 18:48:12.0000000,3,1,2,8.5,4,1,3,3,2,3,4,3,4,4,1,9,8
2024-11-06 18:48:41.0000000,4,0,3,8.5,4,1,3,3,3,4,3,3,4,3,2,12,9
2024-11-06 18:49:01.0000000,3,0,4,8.5,3,1,4,3,3,3,3,4,3,3,2,12,12
2024-11-06 18:49:21.0000000,3,1,4,7.5,4,1,3,4,3,3,4,4,3,3,2,9,16
2024-11-06 18:49:39.0000000,3,0,4,7.5,4,2,4,3,3,3,3,4,3,3,1,12,12
2024-11-06 18:50:07.0000000,4,0,4,7.5,3,2,3,3,3,3,4,3,4,3,3,9,16
2024-11-06 18:50:24.0000000,4,0,4,7.5,4,1,4,3,3,4,3,3,3,3,1,16,12
2024-11-06 18:50:50.0000000,4,0,4,7.5,3,2,4,4,4,3,3,3,3,4,1,12,12
2024-11-06 18:51:18.0000000,3,1,4,7.5,3,1,4,3,3,3,3,3,4,4,1,12,12
2024-11-06 18:51:43.0000000,3,0,3,7.5,3,1,4,4,3,3,4,2,4,4,2,12,12
2024-11-06 18:52:04.0000000,3,0,4,7.5,3,1,4,3,4,4,4,3,4,3,2,16,16
2024-11-06 18:52:25.0000000,4,0,4,8.5,3,1,3,4,3,3,3,3,3,3,1,9,12
2024-11-06 18:52:47.0000000,4,0,4,7.5,4,1,4,3,3,4,3,3,4,3,2,16,12
2024-11-06 18:53:15.0000000,4,0,3,8.5,4,1,4,3,3,4,3,4,4,3,1,16,9
2024-11-06 18:53:32.0000000,4,0,4,7.5,4,1,3,4,4,3,4,4,4,4,1,9,16
2024-11-06 18:53:52.0000000,3,1,4,7.5,3,1,4,4,4,3,4,4,4,4,2,12,16
2024-11-06 18:54:16.0000000,4,1,3,7.5,4,2,3,3,3,3,3,4,4,4,3,9,9
2024-11-06 18:54:41.0000000,4,0,4,8.5,3,1,4,4,4,3,3,3,4,4,2,12,12
2024-11-06 18:59:30.0000000,4,0,4,8.5,3,1,3,3,4,4,4,4,3,3,2,12,16
2024-11-06 18:59:47.0000000,4,0,4,7.5,4,1,2,3,3,4,3,4,3,4,2,8,12
2024-11-06 19:00:20.0000000,3,0,3,7.5,3,2,4,3,4,4,3,3,4,4,1,16,9
2024-11-06 19:00:42.0000000,3,1,3,7.5,4,1,4,4,3,3,4,4,4,4,2,12,12
2024-11-06 19:01:07.0000000,4,0,4,8.5,4,2,3,3,2,3,3,3,4,4,1,9,12
2024-11-06 19:01:29.0000000,4,0,3,7.5,4,1,2,4,3,3,4,3,3,4,2,6,12
2024-11-06 19:01:58.0000000,4,0,3,7.5,4,2,3,3,3,4,4,4,4,4,1,12,12
2024-11-06 19:02:21.0000000,4,0,3,7.5,3,1,3,3,4,4,3,3,3,4,1,12,9
2024-11-06 19:02:40.0000000,4,0,3,8.5,4,1,4,3,3,3,4,3,3,4,1,12,12
2024-11-06 19:03:03.0000000,4,0,4,7.5,3,2,4,3,3,4,4,2,4,4,1,16,16
2024-11-06 19:03:37.0000000,4,0,3,7.5,3,1,3,4,4,3,4,3,3,4,1,9,12
2024-11-06 19:03:57.0000000,4,0,4,7.5,3,2,4,3,4,4,4,4,4,3,1,16,16
2024-11-06 19:04:16.0000000,3,0,4,8.5,3,1,4,4,4,3,3,4,3,3,2,12,12
2024-11-06 19:05:29.0000000,3,0,3,8.5,4,1,3,3,3,4,4,4,3,4,1,12,12
2024-11-06 19:05:49.0000000,4,0,4,7.5,3,1,4,3,3,3,3,3,3,4,2,12,12
2024-11-06 19:07:59.0000000,4,0,4,8.5,4,2,3,3,3,3,4,4,3,3,1,9,16
2024-11-06 19:08:21.0000000,4,0,3,7.5,4,1,3,3,3,3,4,4,4,3,1,9,12
2024-11-06 19:08:45.0000000,4,0,3,8.5,3,2,3,3,4,4,3,3,4,3,1,12,9
2024-11-06 19:09:18.0000000,3,0,3,8.5,4,2,4,3,3,2,4,4,4,4,2,8,12
2024-11-06 19:09:42.0000000,3,0,4,7.5,2,1,2,3,3,3,3,3,3,3,1,6,12
2024-11-06 19:10:00.0000000,4,0,4,7.5,4,1,3,3,3,4,4,3,3,4,2,12,16
2024-11-06 19:10:35.0000000,4,0,4,8.5,4,2,3,3,3,3,4,4,2,4,2,9,16
2024-11-06 19:10:52.0000000,3,0,4,8.5,4,1,4,3,3,3,4,3,4,4,3,12,16
2024-11-06 19:11:25.0000000,4,0,3,8.5,3,2,3,4,3,4,4,4,4,4,1,12,12
2024-11-06 19:12:31.0000000,4,0,4,8.5,3,1,4,3,4,4,3,3,4,4,1,16,12
2024-11-06 19:14:33.0000000,4,0,4,7.5,4,3,3,3,3,4,4,4,4,3,2,12,16
2024-11-06 19:15:41.0000000,3,0,4,8.5,3,2,3,3,3,4,3,4,3,4,1,12,12
2024-12-10 23:20:54.0000000,2,1,3,8.5,4,1,4,3,3,4,2,4,3,3,2,16,6
2024-12-10 23:21:21.0000000,3,0,4,7.5,3,2,3,4,3,4,3,3,3,4,1,12,12
2024-12-10 23:21:39.0000000,2,1,4,8.5,3,1,3,3,4,4,3,3,4,4,1,12,12
2024-12-10 23:21:55.0000000,4,1,3,7.5,3,1,2,3,3,3,4,3,3,4,2,6,12
2024-12-10 23:22:18.0000000,3,0,4,7.5,3,2,3,4,3,3,3,4,3,4,2,9,12
2024-12-10 23:22:37.0000000,3,0,4,7.5,3,2,4,3,3,3,4,3,4,3,2,12,16
2024-12-10 23:22:54.0000000,3,0,3,7.5,4,1,4,4,4,3,3,3,4,4,1,12,9
2024-12-10 23:23:33.0000000,4,0,3,8.5,4,1,3,4,3,4,4,4,4,3,2,12,12
2024-12-10 23:24:19.0000000,4,0,4,8.5,3,2,2,3,4,4,3,3,4,3,2,8,12
2024-12-10 23:24:37.0000000,3,0,4,7.5,3,3,3,3,4,3,3,4,3,4,2,9,12
2024-12-10 23:24:55.0000000,4,0,3,7.5,4,2,3,3,3,4,4,3,4,4,1,12,12
2024-12-10 23:25:23.0000000,4,0,4,7.5,3,2,4,3,4,3,3,4,3,3,2,12,12
2024-12-10 23:25:40.0000000,4,0,4,8.5,3,2,4,3,3,3,3,3,3,4,1,12,12
2024-12-10 23:25:55.0000000,3,0,3,7.5,3,1,2,3,3,4,3,3,3,3,1,8,9
2024-12-10 23:26:18.0000000,3,0,4,7.5,4,2,3,3,4,3,4,4,4,4,3,9,16
2024-12-10 23:26:56.0000000,3,0,4,8.5,3,3,3,4,3,4,4,3,4,4,2,12,16
2024-12-10 23:27:23.0000000,3,0,4,7.5,3,1,4,3,3,4,3,4,3,4,2,16,12
2024-12-10 23:27:42.0000000,3,0,3,8.5,3,2,3,4,2,3,3,3,4,4,1,9,9
2024-12-10 23:27:59.0000000,3,0,4,7.5,3,2,3,4,4,2,3,3,3,3,3,6,12
2024-12-10 23:28:16.0000000,3,1,3,7.5,3,1,4,3,3,3,3,2,3,3,1,12,9
2024-12-10 23:28:34.0000000,4,0,4,7.5,3,1,3,3,3,3,2,4,3,3,2,9,8
2024-12-10 23:28:52.0000000,4,0,3,7.5,3,1,4,4,3,4,4,3,4,4,1,16,12
2024-12-10 23:29:10.0000000,4,0,3,7.5,3,1,3,3,2,2,3,3,4,4,2,6,9
2024-12-10 23:29:25.0000000,3,0,4,7.5,4,2,3,2,4,3,4,3,4,4,1,9,16
2024-12-10 23:29:43.0000000,3,0,3,7.5,4,4,4,4,4,4,4,4,3,3,2,16,12
2024-12-10 23:30:03.0000000,3,0,4,8.5,4,2,2,4,3,3,4,3,3,4,2,6,16
2024-12-10 23:30:19.0000000,4,0,3,7.5,3,1,4,3,2,3,3,4,4,3,2,12,9
2024-12-10 23:31:09.0000000,4,0,3,7.5,3,1,3,2,3,2,3,2,2,3,1,6,9
2024-12-10 23:31:44.0000000,3,0,3,7.5,4,2,3,2,2,3,3,3,3,4,2,9,9
2024-12-10 23:32:17.0000000,4,1,2,8.5,4,1,3,3,3,3,3,3,3,3,1,9,6
2024-12-10 23:32:57.0000000,4,0,3,7.5,3,4,4,3,3,3,2,3,3,4,2,12,6
2024-12-10 23:33:35.0000000,2,0,3,7.5,3,1,3,3,3,3,4,3,3,4,2,9,12
2024-12-10 23:36:59.0000000,4,0,4,8.5,4,1,3,3,3,4,4,3,4,4,1,12,16
2024-12-10 23:37:16.0000000,3,0,3,7.5,4,2,4,3,3,3,4,3,4,3,1,12,12
2024-12-10 23:37:32.0000000,4,0,4,8.5,3,1,3,4,3,4,4,3,3,4,2,12,16
2024-12-11 22:32:40.0000000,4,0,3,7.5,4,2,3,4,4,4,4,4,4,3,1,12,12
2024-12-11 22:32:58.0000000,3,0,3,8.5,4,1,4,3,3,4,4,3,4,3,1,16,12
2024-12-11 22:33:16.0000000,4,0,3,8.5,4,1,3,4,3,3,3,4,4,3,1,9,9
2024-12-11 22:33:34.0000000,4,0,4,7.5,3,1,3,3,4,4,4,4,3,4,1,12,16
2024-12-11 22:33:52.0000000,4,1,4,8.5,3,1,3,4,3,4,4,4,4,4,1,12,16
2024-12-11 22:34:11.0000000,3,0,4,8.5,4,1,3,3,3,4,4,4,3,4,1,12,16
2024-12-11 22:34:28.0000000,3,0,3,8.5,4,1,3,4,4,4,4,3,4,4,2,12,12
2024-12-11 22:34:44.0000000,4,0,4,7.5,3,1,3,4,4,3,3,4,3,4,1,9,12
2024-12-11 22:35:01.0000000,3,0,4,8.5,4,1,4,4,3,4,4,4,4,4,1,16,16
2024-12-11 22:35:20.0000000,4,0,4,7.5,3,2,4,4,4,4,4,3,4,4,2,16,16
2024-12-11 22:35:38.0000000,3,0,4,7.5,4,1,4,3,3,4,3,4,4,4,2,16,12
2024-12-11 22:35:57.0000000,4,0,3,8.5,4,1,3,3,4,4,3,4,4,4,1,12,9
2024-12-12 00:01:59.0000000,4,0,4,7.5,2,1,3,4,3,3,3,3,3,3,1,9,12
2024-12-12 00:02:18.0000000,4,0,3,7.5,4,2,3,4,4,3,4,4,3,4,1,9,12
2024-12-12 00:02:34.0000000,4,0,3,8.5,3,1,4,4,3,3,3,3,3,3,2,12,9
2024-12-12 00:02:52.0000000,4,0,4,8.5,3,1,4,3,3,4,4,4,4,4,2,16,16
2024-12-12 00:03:11.0000000,4,1,4,7.5,3,1,4,3,4,3,3,4,3,4,2,12,12
2024-12-12 00:03:31.0000000,4,0,4,7.5,4,1,4,4,3,3,3,4,4,3,1,12,12
2024-12-12 00:03:47.0000000,4,0,3,8.5,4,2,4,4,4,3,4,4,4,3,2,12,12
2024-12-12 00:04:06.0000000,2,1,3,8.5,3,1,4,4,4,4,4,4,3,4,1,16,12
2024-12-15 05:43:39.0000000,4,0,4,7.5,2,2,4,3,4,2,4,3,4,3,2,8,16
2024-12-15 05:43:55.0000000,3,0,4,8.5,3,4,3,3,3,3,3,4,3,4,1,9,12
2024-12-15 05:44:04.0000000,3,0,2,6.5,1,3,2,1,2,2,2,3,2,3,1,4,4
2024-12-15 05:44:10.0000000,4,1,3,8.5,4,4,2,3,3,3,4,3,4,4,2,6,12
2024-12-15 05:44:25.0000000,2,0,1,7.5,0,2,1,1,1,1,1,1,1,3,2,1,1
2024-12-15 05:44:26.0000000,4,0,4,7.5,3,5,4,3,3,4,3,3,4,3,1,16,12
2024-12-15 05:44:49.0000000,3,0,2,6.5,2,2,1,3,3,3,3,4,3,3,1,3,6
2024-12-15 05:44:50.0000000,3,0,3,7.5,4,4,2,3,3,3,3,4,4,4,2,6,9
2024-12-15 05:45:07.0000000,4,1,3,7.5,3,4,3,4,3,3,3,4,4,4,2,9,9
2024-12-15 05:45:18.0000000,2,1,3,6.5,3,3,1,3,4,4,3,4,4,3,2,4,9
2024-12-15 05:45:24.0000000,3,1,4,8.5,4,4,3,2,4,4,3,4,4,3,2,12,12
2024-12-15 05:45:41.0000000,4,0,3,7.5,2,4,3,3,3,3,3,3,4,4,2,9,9
2024-12-15 05:45:42.0000000,3,0,2,6.5,2,3,1,0,1,2,3,2,2,3,1,2,6
2024-12-15 05:45:58.0000000,3,0,4,6.5,3,4,4,3,4,3,3,2,4,4,2,12,12
2024-12-15 05:46:03.0000000,2,1,2,6.5,2,3,2,2,2,3,2,2,2,1,1,6,4
2024-12-15 05:46:25.0000000,3,0,2,6.5,2,3,2,2,2,2,0,1,2,4,2,4,0
2024-12-15 05:46:31.0000000,3,0,4,6.5,4,5,4,2,3,3,3,3,3,4,2,12,12
2024-12-15 05:46:49.0000000,4,0,3,7.5,4,5,4,3,3,3,3,4,4,4,2,12,9
2024-12-15 05:46:51.0000000,3,0,3,6.5,3,3,4,3,3,3,3,3,1,4,1,12,9
2024-12-15 05:47:06.0000000,3,0,3,8.5,4,2,4,4,3,3,4,4,3,4,2,12,12
2024-12-15 05:47:11.0000000,2,0,3,8.5,2,3,1,1,4,4,1,2,3,4,1,4,3
2024-12-15 05:47:27.0000000,4,0,4,6.5,3,5,3,3,3,4,2,4,4,4,1,12,8
2024-12-15 05:47:35.0000000,3,1,2,6.5,1,4,3,2,2,3,3,3,3,3,1,9,6
2024-12-15 05:47:44.0000000,3,0,2,7.5,4,5,2,4,3,4,4,3,4,3,1,8,8
2024-12-15 05:47:57.0000000,4,0,1,6.5,1,5,4,2,2,1,4,4,4,4,1,4,4
2024-12-15 05:47:58.0000000,3,1,2,8.5,4,5,3,2,3,4,3,4,4,4,1,12,6
2024-12-15 05:48:15.0000000,3,1,4,7.5,3,4,3,3,4,4,3,3,3,3,2,12,12
2024-12-15 05:48:16.0000000,4,1,2,7.5,2,3,2,2,1,2,2,3,3,3,2,4,4
2024-12-15 05:48:31.0000000,3,0,4,6.5,3,4,3,2,3,3,3,4,4,4,1,9,12
2024-12-15 05:48:42.0000000,2,1,2,6.5,2,2,2,1,2,2,2,2,2,3,2,4,4
2024-12-15 05:49:04.0000000,3,0,2,4.5,2,3,4,3,3,2,3,2,2,3,2,8,6
2024-12-15 05:49:06.0000000,4,0,4,7.5,3,5,3,4,3,3,3,3,4,3,2,9,12
2024-12-15 05:49:21.0000000,3,0,3,8.5,3,5,3,3,3,4,4,3,4,4,2,12,12
2024-12-15 05:49:32.0000000,3,1,3,7.5,3,3,4,2,3,1,1,1,2,3,2,4,3
2024-12-15 05:49:38.0000000,3,0,4,7.5,4,5,2,3,3,3,3,2,4,4,1,6,12
2024-12-15 05:49:59.0000000,3,1,2,4.5,2,3,2,3,2,2,3,2,1,1,2,4,6
2024-12-15 05:50:16.0000000,4,1,2,4.5,2,5,4,4,4,4,4,4,4,4,1,16,8
2024-12-15 05:50:36.0000000,3,1,3,6.5,3,4,3,3,3,3,3,4,4,4,2,9,9
2024-12-15 05:50:59.0000000,3,1,2,4.5,1,2,0,0,2,2,2,3,2,1,1,0,4
2024-12-15 05:51:24.0000000,3,1,3,7.5,3,5,3,3,4,2,3,4,4,4,1,6,9
2024-12-15 05:51:27.0000000,1,0,2,6.5,1,4,3,2,3,3,2,2,2,4,2,9,4
2024-12-15 05:51:42.0000000,4,0,4,8.5,4,5,2,4,4,3,3,3,4,4,1,6,12
2024-12-15 05:51:48.0000000,4,1,3,6.5,3,3,2,2,3,2,1,3,1,3,4,4,3
2024-12-15 05:52:07.0000000,3,1,3,7.5,2,5,2,2,2,2,1,2,2,4,2,4,3
2024-12-15 05:52:31.0000000,4,0,1,7.5,2,1,2,2,2,1,2,2,1,0,2,2,2
2024-12-15 05:52:36.0000000,4,0,3,7.5,4,5,4,4,4,4,3,4,3,4,2,16,9
2024-12-15 05:53:05.0000000,3,1,2,6.5,3,4,2,2,3,2,2,1,1,1,1,4,4
2024-12-15 05:53:30.0000000,3,0,2,4.5,1,4,2,2,2,2,3,1,3,4,2,4,6
2024-12-15 05:53:39.0000000,1,1,4,8.5,3,2,3,3,3,4,3,3,4,4,2,12,12
2024-12-15 05:53:57.0000000,4,1,2,6.5,3,5,4,4,4,2,2,3,4,4,1,8,4
2024-12-15 05:54:05.0000000,1,1,4,7.5,3,2,4,2,3,4,4,3,3,4,1,16,16
2024-12-15 05:54:16.0000000,4,1,1,6.5,2,3,2,2,2,2,2,3,2,4,1,4,2
2024-12-15 05:54:20.0000000,3,0,3,7.5,4,5,4,4,4,4,3,4,4,4,2,16,9
2024-12-15 05:54:45.0000000,3,0,2,4.5,1,2,3,2,1,2,2,3,2,1,2,6,4
2024-12-15 05:54:46.0000000,4,1,4,7.5,3,5,3,3,4,3,3,4,3,4,3,9,12
2024-12-15 05:55:11.0000000,2,1,2,7.5,2,3,2,1,2,3,3,3,4,4,2,6,6
2024-12-15 05:55:21.0000000,3,0,3,6.5,3,4,3,2,3,4,4,4,4,4,1,12,12
2024-12-15 05:55:32.0000000,2,0,2,6.5,1,1,0,2,1,2,1,2,0,3,2,0,2
2024-12-15 05:55:41.0000000,4,1,3,7.5,3,5,4,4,4,3,3,3,4,4,2,12,9
2024-12-15 05:55:47.0000000,3,0,2,6.5,0,2,2,2,1,2,2,2,2,1,4,4,4
2024-12-15 05:55:57.0000000,4,0,3,8.5,3,5,4,4,4,3,4,3,4,4,2,12,12
2024-12-15 05:56:01.0000000,2,1,2,7.5,1,2,0,0,3,2,1,1,2,3,3,0,2
2024-12-15 05:56:27.0000000,2,0,0,6.5,1,4,4,0,2,2,2,0,1,1,1,8,0
2024-12-15 05:56:28.0000000,2,1,3,7.5,0,1,0,0,0,0,0,0,0,0,4,0,0
2024-12-15 05:56:31.0000000,2,1,4,8.5,4,5,2,4,4,4,3,4,4,4,1,8,12
2024-12-15 05:56:47.0000000,2,1,2,4.5,0,1,2,1,1,1,4,0,2,4,1,2,8
2024-12-15 05:56:49.0000000,3,1,4,7.5,2,5,1,4,4,4,3,4,4,4,2,4,12
2024-12-15 05:57:08.0000000,4,1,2,7.5,4,5,2,2,2,4,3,4,3,4,2,8,6
2024-12-15 05:57:26.0000000,4,1,3,7.5,3,4,3,3,3,4,4,4,2,4,1,12,12
2024-12-15 05:57:30.0000000,4,1,2,8.5,2,3,2,1,3,2,2,4,3,3,3,4,4
2024-12-15 05:57:49.0000000,3,1,2,4.5,0,2,1,0,0,2,1,2,2,4,1,2,2
2024-12-15 05:57:59.0000000,3,0,3,7.5,3,4,3,3,3,3,2,4,4,4,2,9,6
2024-12-15 05:58:08.0000000,3,1,3,4.5,0,2,0,1,2,1,2,2,3,1,3,0,6
2024-12-15 05:58:14.0000000,3,0,3,7.5,3,4,3,3,4,4,4,3,4,4,3,12,12
2024-12-15 05:58:24.0000000,3,0,2,6.5,1,3,1,2,1,0,1,1,3,4,2,0,2
2024-12-15 05:58:36.0000000,3,1,3,8.5,3,4,3,3,4,4,3,4,4,3,2,12,9
2024-12-15 05:58:44.0000000,2,1,3,8.5,2,2,1,0,1,0,2,1,2,3,3,0,6
2024-12-15 05:59:00.0000000,3,0,3,8.5,4,5,4,4,3,4,4,3,4,4,2,16,12
2024-12-15 05:59:07.0000000,3,0,3,8.5,2,2,0,0,0,1,0,3,3,4,2,0,0
2024-12-15 05:59:18.0000000,4,0,3,7.5,3,4,3,3,4,4,3,4,4,4,3,12,9
2024-12-15 05:59:25.0000000,3,1,2,6.5,1,2,0,0,2,1,2,1,1,3,3,0,4
2024-12-15 05:59:41.0000000,3,1,3,7.5,1,4,2,1,2,2,1,1,0,0,5,4,3
2024-12-15 05:59:44.0000000,3,0,2,7.5,3,4,3,4,4,3,3,3,3,4,1,9,6
2024-12-15 06:00:06.0000000,2,1,3,4.5,1,1,2,0,1,1,1,3,2,3,4,2,3
2024-12-15 06:00:17.0000000,4,1,3,6.5,4,4,3,3,2,2,4,3,4,4,2,6,12
2024-12-15 06:00:21.0000000,3,0,1,8.5,3,5,3,2,2,1,0,1,2,4,1,3,0
2024-12-15 06:00:48.0000000,2,0,1,6.5,0,4,2,2,1,2,1,2,2,1,3,4,1
2024-12-15 06:01:10.0000000,3,1,2,4.5,0,1,0,1,0,2,2,1,1,3,3,0,4
2024-12-15 06:01:27.0000000,3,0,3,7.5,4,4,4,3,3,3,4,3,3,3,3,12,12
2024-12-15 06:01:28.0000000,4,1,2,4.5,1,3,2,2,1,3,3,1,2,3,4,6,6
2024-12-15 06:01:49.0000000,4,1,1,6.5,0,2,2,1,1,0,0,1,2,4,4,0,0
2024-12-15 06:01:53.0000000,1,0,1,6.5,2,5,0,0,1,4,0,0,2,3,5,0,0
2024-12-15 06:01:55.0000000,3,1,2,3.0,4,4,4,4,4,3,3,3,3,4,1,12,6
2024-12-15 06:02:13.0000000,4,1,3,8.5,2,1,0,0,1,2,0,2,1,4,2,0,0
2024-12-15 06:02:14.0000000,4,0,4,8.5,4,5,3,3,3,4,3,3,4,4,2,12,12
2024-12-15 06:02:30.0000000,3,0,3,8.5,3,5,4,3,3,3,3,3,3,3,2,12,9
2024-12-15 06:02:47.0000000,4,1,0,4.5,2,5,3,2,2,1,1,0,0,3,2,3,0
2024-12-15 06:02:47.0000000,4,0,3,8.5,3,5,4,3,4,3,3,4,3,4,2,12,9
2024-12-15 06:03:07.0000000,4,1,2,4.5,2,3,2,3,1,2,2,2,1,4,2,4,4
2024-12-15 06:03:11.0000000,3,0,3,8.5,3,3,3,4,3,2,4,3,4,3,1,6,12
2024-12-15 06:03:23.0000000,3,1,3,7.5,2,4,3,2,1,3,1,1,2,3,4,9,3
2024-12-15 06:03:31.0000000,2,0,1,8.5,4,4,4,3,4,3,4,3,3,4,1,12,4
2024-12-15 06:03:40.0000000,2,1,3,7.5,2,4,1,0,2,1,1,2,2,1,2,1,3
2024-12-15 06:03:43.0000000,2,0,2,6.5,2,4,1,1,3,4,4,3,2,1,5,4,8
2024-12-15 06:03:47.0000000,4,1,2,8.5,4,5,2,3,3,3,2,3,3,3,2,6,4
2024-12-15 06:04:15.0000000,2,0,0,4.5,0,2,0,0,0,1,1,0,3,4,4,0,0
2024-12-15 06:04:16.0000000,4,1,3,4.5,1,2,2,0,0,0,0,1,1,0,4,0,0
2024-12-15 06:04:40.0000000,2,1,3,4.5,0,1,1,0,2,0,1,2,1,3,1,0,3
2024-12-15 06:04:49.0000000,4,0,3,8.5,4,5,3,4,4,3,3,2,4,4,3,9,9
2024-12-15 06:04:57.0000000,3,1,2,4.5,1,2,1,0,1,1,2,1,2,1,5,1,4
2024-12-15 06:05:27.0000000,2,1,1,4.5,1,1,2,0,0,1,0,1,3,4,3,2,0
2024-12-15 06:05:29.0000000,3,1,3,7.5,1,4,4,4,4,4,3,3,4,4,2,16,9
2024-12-15 06:05:48.0000000,2,1,2,8.5,3,3,0,0,1,1,1,3,4,1,3,0,2
2024-12-15 06:06:05.0000000,3,1,4,8.5,3,5,3,3,3,2,3,4,4,4,1,6,12
2024-12-15 06:06:05.0000000,3,1,1,6.5,2,3,1,2,1,0,2,3,3,4,2,0,2
2024-12-15 06:06:21.0000000,2,0,4,7.5,2,3,4,4,4,3,3,4,4,4,2,12,12
2024-12-15 06:06:26.0000000,2,0,3,6.5,1,1,0,1,2,2,1,0,2,1,2,0,3
2024-12-15 06:06:45.0000000,3,1,3,7.5,2,3,1,2,3,1,3,1,2,4,2,1,9
2024-12-15 06:06:53.0000000,3,1,4,7.5,3,4,3,4,3,3,3,3,3,3,2,9,12
2024-12-15 06:07:07.0000000,2,1,2,6.5,3,3,2,1,2,2,3,1,2,3,3,4,6
2024-12-15 06:07:12.0000000,4,1,3,7.5,4,5,3,2,3,3,4,3,3,4,2,9,12
2024-12-15 06:07:26.0000000,2,1,3,6.5,1,4,2,2,2,2,2,2,2,3,3,4,6
2024-12-15 06:07:30.0000000,3,1,4,8.5,3,5,2,3,3,4,3,4,3,3,1,8,12
2024-12-15 06:07:48.0000000,2,0,3,4.5,0,1,1,1,1,0,0,1,2,4,2,0,0
2024-12-15 06:08:02.0000000,4,1,3,8.5,4,5,3,4,2,4,4,4,3,4,3,12,12
2024-12-15 06:08:09.0000000,4,1,1,6.5,2,3,1,1,2,3,3,0,1,1,4,3,3
2024-12-15 06:08:30.0000000,3,1,0,8.5,2,3,1,1,1,0,0,3,1,3,3,0,0
2024-12-15 11:49:05.0000000,3,1,3,8.5,3,4,1,2,4,3,2,2,4,4,4,3,6
